form	lemma	POS	morph
༄༅། །		PUNCT
སྡོམ་པ་	སྡོམ་པ་	NOUN
གསུམ་	གསུམ་	NUM
གྱི་	གི་	PART
རྣམ་གཞག་	རྣམ་གཞག་	NOUN
མདོར་བསྡུས་པ་	མདོར་བསྡུས་པ་	OTHER
བཞུགས་	བཞུགས་	VERB
།		PUNCT
ཀརྨ་པ་	ཀརྨ་པ་	NO_POS
བདུན་པ་	བདུན་པ་	NUM
འི་	གི་	PART
ཞབས་	ཞབས་	NOUN
ཀྱིས་	གིས་	PART
མཛད་	མཛད་	VERB
"།

༄༅། །"		PUNCT
དཀོན་མཆོག་	དཀོན་མཆོག་	NOUN
གསུམ་	གསུམ་	NUM
ལ་	ལ་	PART
ཕྱག་	ཕྱག་	NOUN
འཚལ་	འཚལ་	VERB
ལོ་	གོ་	PART
། །		PUNCT
ལམ་པ་	ལམ་པ་	NOUN
འི་	གི་	PART
སྤོང་བ་	སྤོང་བ་	VERB
འི་	གི་	PART
སེམས་	སེམས་	NOUN
ཀྱི་	གི་	PART
སྡོམ་	སྡོམ་	NOUN
མེད་	མེད་	VERB
ཀྱང་	ཀྱང་	PART
། །		PUNCT
འབྲས་བུ་	འབྲས་བུ་	NOUN
ར་	ལ་	PART
གྱུར་པ་	གྱུར་པ་	VERB
སྤངས་པ་	སྤངས་པ་	VERB
འི་	གི་	PART
ཟག་མེད་	ཟག་མེད་	ADJ
སྡོམ་	སྡོམ་	NOUN
། །		PUNCT
གང་	གང་	NO_POS
ལ་	ལ་	PART
མངའ་བ་	མངའ་བ་	VERB
རྫོགས་པ་	རྫོགས་པ་	VERB
འི་	གི་	PART
སངས་རྒྱས་	སངས་རྒྱས་	NOUN
དང་	དང་	NO_POS
། །		PUNCT
དེ་	སྟེ་	PART
ཡི་	གི་	PART
ཆོ་	ཆོ་	NOUN
དང་	དང་	NO_POS
འཕགས་པ་	འཕགས་པ་	VERB
འི་	གི་	PART
དགེ་འདུན་	དགེ་འདུན་	NOUN
ལ་	ལ་	PART
། །		PUNCT
ཕྱག་	ཕྱག་	NOUN
འཚལ་	འཚལ་	VERB
ན་	ནས་	PART
ནི་	ནི་	NO_POS
སྡོམ་པ་	སྡོམ་པ་	NOUN
གསུམ་པོ་	གསུམ་པོ་	NUM
དག་	དག་	DET
།		PUNCT
རྒྱལ་བ་	རྒྱལ་བ་	NOUN
འི་	གི་	PART
མདོ་	མདོ་	NOUN
དང་	དང་	NO_POS
རྒྱུད་སྡེ་	རྒྱུད་སྡེ་	NOUN
ལ་	ལ་	ADP
ས་	གིས་	PART
གསུངས་པ་	གསུངས་པ་	VERB
། །		PUNCT
བཀའ་	བཀའ་	NOUN
བརྒྱུད་	བརྒྱུད་	NO_POS
མཆོག་	མཆོག་	ADJ
ལ་	ལ་	ADP
ས་	གིས་	PART
བརྒྱུད་པ་	བརྒྱུད་པ་	VERB
ཇི་བཞིན་	ཇི་བཞིན་	OTHER
དུ་	ལ་	PART
། །		PUNCT
མདོར་བསྡུས་	མདོར་བསྡུས་	OTHER
ཙམ་	ཙམ་	DET
ཞིག་	ཅིག་	PART
འདི་	འདི་	DET
ར་	ལ་	PART
བཤད་	བཤད་	VERB
བྱ་	བྱ་	VERB
ཡི་	གི་	PART
ཉོན་	ཉོན་	VERB
། །		PUNCT
འདི་	འདི་	DET
ར་	ལ་	PART
སྡོམ་པ་	སྡོམ་པ་	NOUN
གསུམ་	གསུམ་	NUM
མདོར་བསྡུས་	མདོར་བསྡུས་	OTHER
ཏེ་	སྟེ་	PART
བཤད་པ་	བཤད་པ་	VERB
ལ་	ལ་	PART
གཉིས་	གཉིས་	NUM
།		PUNCT
བཤད་སྲོལ་	བཤད་སྲོལ་	OTHER
ཇི་ལྟ་		
བྱུང་བ་	བྱུང་བ་	VERB
དང་	དང་	NO_POS
།		PUNCT
བཤད་པ་	བཤད་པ་	VERB
དངོ་	དངོ་	NOUN
སོ་	གོ་	PART
། །		PUNCT
དང་པོ་	དང་པོ་	ADJ
ལ་	ལ་	PART
གསུམ་	གསུམ་	NUM
།		PUNCT
རྒྱ་གར་བ་	རྒྱ་གར་བ་	PROPN
འི་	གི་	PART
ལུགས་	ལུགས་	NOUN
ཀྱི་	གི་	PART
བཤད་སྲོལ་	བཤད་སྲོལ་	OTHER
བོད་	བོད་	PROPN
དུ་	ལ་	PART
བྱུང་བ་	བྱུང་བ་	VERB
དང་	དང་	NO_POS
།		PUNCT
བོད་	བོད་	PROPN
གཞན་	གཞན་	DET
གྱི་	གི་	PART
ལུགས་	ལུགས་	NOUN
།		PUNCT
བཀའ་	བཀའ་	NOUN
བརྒྱུད་	བརྒྱུད་	NO_POS
རིན་པོ་ཆེ་	རིན་པོ་ཆེ་	ADJ
འི་	གི་	PART
བཤད་སྲོལ་	བཤད་སྲོལ་	OTHER
ལོ་	གོ་	PART
། །		PUNCT
དང་པོ་	དང་པོ་	ADJ
ནི་	ནི་	NO_POS
།		PUNCT
རྒྱ་གར་བ་	རྒྱ་གར་བ་	PROPN
འི་	གི་	PART
ལུགས་	ལུགས་	NOUN
བོད་	བོད་	PROPN
དུ་	ལ་	PART
འགྱུར་བ་	འགྱུར་བ་	VERB
ལ་	ལ་	PART
།		PUNCT
ཨ་	ཨ་	X
བྷ་	བྷ་	NO_POS
ཡཱ་	ཡཱ་	NO_POS
ཀ་ར་	ཀ་ར་	OTHER
འི་	གི་	PART
ཐུབ་པ་	ཐུབ་པ་	VERB
དགོངས་	དགོངས་	VERB
རྒྱན་	རྒྱན་	NOUN
ལ་	ལ་	ADP
ས་	གིས་	PART
འབྱུང་བ་	འབྱུང་བ་	VERB
དང་	དང་	NO_POS
།		PUNCT
བི་	བི་	NO_POS
བྷུ་		NON_WORD
ཏི་	ཏི་	NO_POS
ཙནྡྲའི་		NON_WORD
འོད་	འོད་	NOUN
ཕྲེང་	ཕྲེང་	OTHER
ལ་	ལ་	ADP
ས་	གིས་	PART
འབྱུང་བ་	འབྱུང་བ་	VERB
གཉིས་	གཉིས་	NUM
ལ་	ལ་	ADP
ས་	གིས་	PART
།		PUNCT
དང་པོ་	དང་པོ་	ADJ
ནི་	ནི་	NO_POS
།		PUNCT
གསེར་	གསེར་	NOUN
གྱི་	གི་	PART
རྒྱན་	རྒྱན་	NOUN
གསེར་	གསེར་	NOUN
དུ་	ལ་	PART
རིགས་	རིགས་	NOUN
གཅིག་	གཅིག་	NUM
ཀྱང་	ཀྱང་	PART
།		PUNCT
མགོ་རྒྱན་	མགོ་རྒྱན་	NO_POS
དང་	དང་	NO_POS
རྐང་གདུབ་	རྐང་གདུབ་	NOUN
ལག་གདུབ་	ལག་གདུབ་	NO_POS
སོགས་	སོགས་	DET
ཐ་དད་པ་	ཐ་དད་པ་	ADJ
བཞིན་	བཞིན་	NOUN
དུ་	ལ་	PART
།		PUNCT
སྡོམ་པ་	སྡོམ་པ་	NOUN
གསུམ་པོ་	གསུམ་པོ་	NUM
སྤོང་བ་	སྤོང་བ་	VERB
འི་	གི་	PART
སེམས་པ་	སེམས་པ་	VERB
ར་	ལ་	PART
རིགས་	རིགས་	NOUN
གཅིག་	གཅིག་	NUM
ཀྱང་	ཀྱང་	PART
།		PUNCT
སྡོམ་པ་	སྡོམ་པ་	NOUN
གསུམ་	གསུམ་	NUM
ཐ་དད་པ་	ཐ་དད་པ་	ADJ
ར་	ལ་	PART
གསལ་བ་	གསལ་བ་	VERB
ར་	ལ་	PART
བཤད་	བཤད་	VERB
དོ་	གོ་	PART
། །		PUNCT
བི་	བི་	NO_POS
བྷུ་		NON_WORD
ཏིས་		NON_WORD
ནི་	ནི་	NO_POS
།		PUNCT
སྐར་མ་	སྐར་མ་	NOUN
དང་	དང་	NO_POS
ཟླ་བ་	ཟླ་བ་	NOUN
ཉི་མ་	ཉི་མ་	NOUN
གསུམ་	གསུམ་	NUM
གྱི་	གི་	PART
དཔེ་	དཔེ་	NOUN
ས་	གིས་	PART
ཟླ་བ་	ཟླ་བ་	NOUN
ཤར་བ་	ཤར་བ་	VERB
ན་	ལ་	PART
།		PUNCT
སྐར་འོད་	སྐར་འོད་	NO_POS
ཟིལ་	ཟིལ་	NOUN
གྱིས་	གིས་	PART
མནན་	མནན་	VERB
ན་	ནས་	PART
བག་	བག་	NOUN
ལ་	ལ་	PART
ཞ་བ་	ཞ་བ་	NO_POS
ར་	ལ་	PART
འགྱུར་བ་	འགྱུར་བ་	VERB
དང་	དང་	NO_POS
།		PUNCT
ཉི་མ་	ཉི་མ་	NOUN
ཤར་བ་	ཤར་བ་	VERB
ན་	ལ་	PART
ཟླ་འོད་	ཟླ་འོད་	PROPN
ཀྱང་	ཀྱང་	PART
ཟིལ་	ཟིལ་	NOUN
གྱིས་	གིས་	PART
མནན་	མནན་	VERB
ན་	ནས་	PART
བག་	བག་	NOUN
ལ་	ལ་	PART
ཞ་བ་	ཞ་བ་	NO_POS
ར་	ལ་	PART
འགྱུར་	འགྱུར་	VERB
ཀྱང་	ཀྱང་	PART
།		PUNCT
ཉི་ཟླ་	ཉི་ཟླ་	NOUN
སྐར་	སྐར་	NO_POS
གསུམ་	གསུམ་	NUM
ཐ་དད་པ་	ཐ་དད་པ་	ADJ
བཞིན་	བཞིན་	NOUN
དུ་	ལ་	PART
།		PUNCT
སྡོམ་པ་	སྡོམ་པ་	NOUN
གསུམ་པོ་	གསུམ་པོ་	NUM
ཡང་	ཀྱང་	PART
གོང་མ་	གོང་མ་	ADJ
གོང་མ་	གོང་མ་	ADJ
ཐོབ་པ་	ཐོབ་པ་	VERB
ས་	གིས་	PART
།		PUNCT
འོག་མ་	འོག་མ་	ADJ
འོག་མ་	འོག་མ་	ADJ
ཟིལ་	ཟིལ་	NOUN
གྱིས་	གིས་	PART
མནན་	མནན་	VERB
ན་	ནས་	PART
།		PUNCT
བག་	བག་	NOUN
ལ་	ལ་	PART
ཞ་བ་	ཞ་བ་	NO_POS
ར་	ལ་	PART
གྱུར་	གྱུར་	VERB
ཀྱང་	ཀྱང་	PART
ངོ་བོ་	ངོ་བོ་	NOUN
ཐ་དད་པ་	ཐ་དད་པ་	ADJ
ར་	ལ་	PART
བཤད་	བཤད་	VERB
དོ་	གོ་	PART
། །		PUNCT
གཉིས་པ་	གཉིས་པ་	NUM
བོད་	བོད་	PROPN
ཀྱི་	གི་	PART
ལུགས་	ལུགས་	NOUN
ལ་	ལ་	PART
སྣ་ཚོགས་པ་	སྣ་ཚོགས་པ་	DET
འདུག་	འདུག་	VERB
ཀྱང་	ཀྱང་	PART
།		PUNCT
རྩ་ལྟུང་	རྩ་ལྟུང་	OTHER
འཁྲུལ་	འཁྲུལ་	NO_POS
སྤོང་བ་	སྤོང་བ་	VERB
ས་	གིས་	PART
།		PUNCT
རྒྱུད་	རྒྱུད་	NOUN
འབུམ་པ་	འབུམ་པ་	NUM
ར་	ལ་	PART
།		PUNCT
རྡོ་	རྡོ་	NOUN
ཡི་	གི་	PART
རིགས་	རིགས་	NOUN
ཀྱི་	གི་	PART
བྱེ་བྲག་	བྱེ་བྲག་	NOUN
ནི་	ནི་	NO_POS
། །		PUNCT
བཞུགས་པ་	བཞུགས་པ་	VERB
ས་	གིས་	PART
གསེར་དངུལ་	གསེར་དངུལ་	NOUN
ཟངས་	ཟངས་	NOUN
ལྕགས་	ལྕགས་	NOUN
འགྱུར་	འགྱུར་	VERB
། །		PUNCT
གསེར་འགྱུར་	གསེར་འགྱུར་	NOUN
རྩི་	རྩི་	NOUN
ཡི་	གི་	PART
རང་བཞིན་	རང་བཞིན་	NOUN
གྱིས་	གིས་	PART
། །		PUNCT
ཐམས་ཅད་	ཐམས་ཅད་	DET
གསེར་	གསེར་	NOUN
དུ་	ལ་	PART
བསྒྱུར་བ་	བསྒྱུར་བ་	VERB
བཞིན་	བཞིན་	NOUN
། །		PUNCT
སོ་སོ་	སོ་སོ་	PRON
ཐ་	ཐ་	VERB
དང་	དང་	NO_POS
བྱང་ཆུབ་	བྱང་ཆུབ་	NOUN
སེམས་	སེམས་	NOUN
། །		PUNCT
རིག་འཛིན་	རིག་འཛིན་	OTHER
སྔགས་	སྔགས་	NOUN
ཀྱི་	གི་	PART
སྡོམ་པ་	སྡོམ་པ་	NOUN
ཡང་	ཀྱང་	PART
། །		PUNCT
དཀྱིལ་འཁོར་	དཀྱིལ་འཁོར་	NOUN
ཆེན་པོ་	ཆེན་པོ་	ADJ
འདི་	འདི་	DET
ར་	ལ་	PART
ཞུགས་	ཞུགས་	VERB
ན་	ལ་	PART
། །		PUNCT
རིག་པ་	རིག་པ་	VERB
འཛིན་པ་	འཛིན་པ་	VERB
ཞེ་	ཅེས་	PART
བྱ་	བྱ་	VERB
འོ་	གོ་	PART
། །		PUNCT
ཞེ་	ཅེས་	PART
འབྱུང་བ་	འབྱུང་བ་	VERB
ས་	གིས་	PART
།		PUNCT
གསེར་འགྱུར་	གསེར་འགྱུར་	NOUN
གྱི་	གི་	PART
དཔེ་	དཔེ་	NOUN
ས་	གིས་	PART
།		PUNCT
སྡོམ་པ་	སྡོམ་པ་	NOUN
གསུམ་	གསུམ་	NUM
གནས་	གནས་	NOUN
གྱུར་	གྱུར་	VERB
ངོ་བོ་	ངོ་བོ་	NOUN
གཅིག་པ་	གཅིག་པ་	ADJ
ར་	ལ་	PART
བཤད་	བཤད་	VERB
ཅེས་	ཅེས་	PART
རྗེས་	རྗེས་	NOUN
འབྲངས་	འབྲངས་	VERB
རྣམས་	རྣམས་	DET
ཀྱིས་	གིས་	PART
འདོད་	འདོད་	VERB
ཅིང་	ཅིང་	PART
།		PUNCT
སྡོམ་	སྡོམ་	NOUN
གསུམ་	གསུམ་	NUM
རབ་	རབ་	ADV
དབྱེ་	དབྱེ་	VERB
ར་	ལ་	PART
།		PUNCT
སོ་སོ་	སོ་སོ་	PRON
ཐར་པ་	ཐར་པ་	VERB
འི་	གི་	PART
སྡོམ་པ་	སྡོམ་པ་	NOUN
ལ་	ལ་	PART
། །		PUNCT
ཉན་ཐོས་	ཉན་ཐོས་	NOUN
ཐེག་ཆེན་	ཐེག་ཆེན་	NOUN
ལུགས་	ལུགས་	NOUN
གཉིས་	གཉིས་	NUM
ཡོད་	ཡོད་	VERB
། །		PUNCT
ཅེས་	ཅེས་	PART
བཤད་	བཤད་	VERB
ན་	ནས་	PART
།		PUNCT
བསམ་པ་	བསམ་པ་	VERB
སེམས་བསྐྱེད་	སེམས་བསྐྱེད་	NOUN
ཀྱིས་	གིས་	PART
ཟིན་པ་	ཟིན་པ་	VERB
འི་	གི་	PART
། །		PUNCT
ཆོ་ག་	ཆོ་ག་	NOUN
ཉན་ཐོས་	ཉན་ཐོས་	NOUN
ལུགས་བཞིན་	ལུགས་བཞིན་	NO_POS
གྱིས་	གིས་	PART
། །		PUNCT
སོ་སོ་	སོ་སོ་	PRON
ཐར་པ་	ཐར་པ་	VERB
རིགས་	རིགས་	NOUN
བརྒྱད་པོ་	བརྒྱད་པོ་	NUM
། །		PUNCT
ཐེག་ཆེན་	ཐེག་ཆེན་	NOUN
སོ་སོ་	སོ་སོ་	PRON
ཐར་པ་	ཐར་པ་	VERB
ར་	ལ་	PART
འགྱུར་	འགྱུར་	VERB
། །		PUNCT
ཞེ་	ཅེས་	PART
སོགས་	སོགས་	DET
ཀྱིས་	གིས་	PART
གནས་	གནས་	NOUN
གྱུར་པ་	གྱུར་པ་	VERB
ར་	ལ་	PART
བསྟན་པ་	བསྟན་པ་	VERB
ར་	ལ་	PART
འདི་	འདི་	DET
འི་	གི་	PART
རྗེས་	རྗེས་	NOUN
འབྲངས་	འབྲངས་	VERB
རྣམས་	རྣམས་	DET
ཀྱིས་	གིས་	PART
འདོད་	འདོད་	VERB
ཅིང་	ཅིང་	PART
།		PUNCT
ཐེག་ཆེན་	ཐེག་ཆེན་	NOUN
སོ་སོ་	སོ་སོ་	PRON
ཐ་	ཐ་	VERB
ཡིན་ཡང་	ཡིན་ཡང་	NO_POS
། །		PUNCT
དགེ་སློང་	དགེ་སློང་	NOUN
ལ་སོགས་	ལ་སོགས་	NO_POS
སྡོམ་པ་	སྡོམ་པ་	NOUN
ཡི་	གི་	PART
། །		PUNCT
ལྡོག་པ་	ལྡོག་པ་	VERB
ཤི་བ་	ཤི་བ་	VERB
འི་	གི་	PART
ཚེ་	ཚེ་	NOUN
ན་	ལ་	PART
གཏོང་	གཏོང་	VERB
། །		PUNCT
ཞེ་	ཅེས་	PART
སོགས་	སོགས་	DET
ངོ་བོ་	ངོ་བོ་	NOUN
གཅིག་	གཅིག་	NUM
ལ་	ལ་	PART
ལྡོག་པ་	ལྡོག་པ་	VERB
ཐ་དད་པ་	ཐ་དད་པ་	ADJ
ར་	ལ་	PART
འདོད་	འདོད་	VERB
དོ་	གོ་	PART
། །		PUNCT
སྡོམ་	སྡོམ་	NOUN
གསུམ་	གསུམ་	NUM
རྣམ་གཞག་པ་	རྣམ་གཞག་པ་	NOUN
ས་	གིས་	PART
།		PUNCT
ལི་	ལི་	OTHER
ལྡེར་	ལྡེར་	NO_POS
སོགས་	སོགས་	DET
སྣོད་	སྣོད་	NOUN
ཤིན་ཏུ་	ཤིན་ཏུ་	NO_POS
དངས་པ་	དངས་པ་	NON_WORD
ལ་	ལ་	PART
།		PUNCT
ཆུ་	ཆུ་	NOUN
དངས་པ་	དངས་པ་	NON_WORD
བླུགས་པ་	བླུགས་པ་	VERB
འི་	གི་	PART
ནང་	ནང་	NOUN
དུ་	ལ་	PART
།		PUNCT
རིན་པོ་ཆེ་	རིན་པོ་ཆེ་	ADJ
ཨིནྡྲ་		NON_WORD
ནཱི་		NON_WORD
ལ་	ལ་	PART
བཞག་པ་	བཞག་པ་	VERB
ན་	ལ་	PART
།		PUNCT
སྣོད་	སྣོད་	NOUN
ཆུ་	ཆུ་	NOUN
སོགས་	སོགས་	DET
ཁ་དོག་	ཁ་དོག་	NOUN
སྔོན་པོ་	སྔོན་པོ་	ADJ
ར་	ལ་	PART
འགྱུར་བ་	འགྱུར་བ་	VERB
ས་	གིས་	PART
།		PUNCT
ཨིནྡྲ་		NON_WORD
ནཱི་		NON_WORD
ལ་	ལ་	ADP
འི་	གི་	PART
ཡན་ལག་	ཡན་ལག་	NOUN
ཏུ་	ལ་	PART
འགྱུར་	འགྱུར་	VERB
ཀྱང་	ཀྱང་	PART
།		PUNCT
དེ་	སྟེ་	PART
གསུམ་	གསུམ་	NUM
ཐ་དད་པ་	ཐ་དད་པ་	ADJ
བཞིན་	བཞིན་	NOUN
དུ་	ལ་	PART
།		PUNCT
ཆོ་ག་	ཆོ་ག་	NOUN
རིགས་	རིགས་	NOUN
ཐ་དད་པ་	ཐ་དད་པ་	ADJ
ས་	གིས་	PART
ཐོབ་པ་	ཐོབ་པ་	VERB
འི་	གི་	PART
སྡོམ་པ་	སྡོམ་པ་	NOUN
གསུམ་པོ་	གསུམ་པོ་	NUM
མི་	མི་	PART
གཅིག་	གཅིག་	NUM
ཀྱང་	ཀྱང་	PART
།		PUNCT
གོང་མ་	གོང་མ་	ADJ
ས་	གིས་	PART
ཟིན་པ་	ཟིན་པ་	VERB
ན་	ལ་	PART
།		PUNCT
འོག་མ་	འོག་མ་	ADJ
ཡན་ལག་	ཡན་ལག་	NOUN
ཏུ་	ལ་	PART
འགྱུར་བ་	འགྱུར་བ་	VERB
ཡིན་	ཡིན་	NO_POS
ཏེ་	སྟེ་	PART
།		PUNCT
བྱང་	བྱང་	NOUN
ས་ལས་	ས་ལས་	NO_POS
།		PUNCT
སོ་སོ་	སོ་སོ་	PRON
ཐར་པ་	ཐར་པ་	VERB
འི་	གི་	PART
སྡོམ་པ་	སྡོམ་པ་	NOUN
ནི་	ནི་	NO_POS
བྱང་ཆུབ་	བྱང་ཆུབ་	NOUN
སེམས་དཔ་	སེམས་དཔའ་	NOUN
འི་	གི་	PART
སྡོམ་པ་	སྡོམ་པ་	NOUN
འི་	གི་	PART
ཕྱོགས་	ཕྱོགས་	NOUN
གཅིག་ཉིད་	གཅིག་ཉིད་	NO_POS
དུ་	ལ་	PART
རིག་པ་	རིག་པ་	VERB
ར་	ལ་	PART
བྱ་	བྱ་	VERB
འོ་	གོ་	PART
། །		PUNCT
ཞེ་	ཅེས་	PART
སོགས་	སོགས་	DET
བཤད་པ་	བཤད་པ་	VERB
ཤེས་བྱེད་	ཤེས་བྱེད་	NOUN
དུ་	ལ་	PART
འདྲེན་པ་	འདྲེན་པ་	VERB
ར་	ལ་	PART
བྱེད་	བྱེད་	VERB
དོ་	གོ་	PART
། །		PUNCT
གསུམ་པ་	གསུམ་པ་	NUM
བཀའ་	བཀའ་	NOUN
བརྒྱུད་	བརྒྱུད་	NO_POS
རིན་པོ་ཆེ་	རིན་པོ་ཆེ་	ADJ
འི་	གི་	PART
བཤད་སྲོལ་	བཤད་སྲོལ་	OTHER
ལ་	ལ་	PART
།		PUNCT
མགོན་པོ་	མགོན་པོ་	NOUN
ཟླ་འོད་	ཟླ་འོད་	PROPN
གཞོན་ནུ་	གཞོན་ནུ་	ADJ
འི་	གི་	PART
ཐར་པ་	ཐར་པ་	VERB
རིན་པོ་ཆེ་	རིན་པོ་ཆེ་	ADJ
འི་	གི་	PART
རྒྱན་	རྒྱན་	NOUN
ལ་	ལ་	ADP
ས་	གིས་	PART
།		PUNCT
ཐེག་དམན་	ཐེག་དམན་	NOUN
གྱི་	གི་	PART
སོ་ཐར་	སོ་ཐར་	OTHER
སྡོམ་པ་	སྡོམ་པ་	NOUN
ཐོབ་	ཐོབ་	VERB
ལ་མ་	ལ་མ་	NO_POS
ཉམས་པ་	ཉམས་པ་	VERB
ཐེག་ཆེན་	ཐེག་ཆེན་	NOUN
སེམས་བསྐྱེད་	སེམས་བསྐྱེད་	NOUN
ཀྱིས་	གིས་	PART
ཟིན་པ་	ཟིན་པ་	VERB
ན་	ལ་	PART
།		PUNCT
བྱང་སེམས་	བྱང་སེམས་	NOUN
ཀྱི་	གི་	PART
སྡོམ་པ་	སྡོམ་པ་	NOUN
འི་	གི་	PART
ཚུལ་ཁྲིམས་	ཚུལ་ཁྲིམས་	NOUN
སུ་	ལ་	PART
འགྱུར་བ་	འགྱུར་བ་	VERB
ར་	ལ་	PART
གསུངས་པ་	གསུངས་པ་	VERB
ནི་	ནི་	NO_POS
།		PUNCT
ཐེག་ཆེན་	ཐེག་ཆེན་	NOUN
རང་	རང་	PRON
གི་	གི་	PART
ཐུན་མོང་	ཐུན་མོང་	ADJ
མ་ཡིན་པ་	མ་ཡིན་པ་	OTHER
འི་	གི་	PART
སྡོམ་པ་	སྡོམ་པ་	NOUN
འི་	གི་	PART
ཚུལ་ཁྲིམས་	ཚུལ་ཁྲིམས་	NOUN
སུ་	ལ་	PART
འགྱུར་བ་	འགྱུར་བ་	VERB
ནི་	ནི་	NO_POS
མ་	མ་	PART
ཡིན་	ཡིན་	NO_POS
ཏེ་	སྟེ་	PART
།		PUNCT
གལ་ཏེ་	གལ་ཏེ་	NO_POS
ཡིན་	ཡིན་	NO_POS
ན་	ལ་	PART
།		PUNCT
ཐེག་ཆེན་	ཐེག་ཆེན་	NOUN
གྱི་	གི་	PART
སྡོམ་པ་	སྡོམ་པ་	NOUN
འི་	གི་	PART
ཚུལ་ཁྲིམས་	ཚུལ་ཁྲིམས་	NOUN
ཐེག་དམན་	ཐེག་དམན་	NOUN
སོ་ཐར་	སོ་ཐར་	OTHER
གྱི་	གི་	PART
ཆོ་ག་	ཆོ་ག་	NOUN
ལ་	ལ་	ADP
ས་	གིས་	PART
ཐོབ་	ཐོབ་	VERB
དགོས་པ་	དགོས་པ་	VERB
ས་	གིས་	PART
ཁྱབ་པ་	ཁྱབ་པ་	VERB
ར་	ལ་	PART
འགྱུར་	འགྱུར་	VERB
རོ་	རོ་	NOUN
། །		PUNCT
དེ་ལྟ་	དེ་ལྟ་	NO_POS
ན་	ལ་	PART
།		PUNCT
ཐེག་ཆེན་པ་	ཐེག་ཆེན་པ་	NOUN
འི་	གི་	PART
སྡོམ་པ་	སྡོམ་པ་	NOUN
འི་	གི་	PART
ཚུལ་ཁྲིམས་	ཚུལ་ཁྲིམས་	NOUN
ལ་	ལ་	PART
ཐེག་ཆེན་	ཐེག་ཆེན་	NOUN
རང་	རང་	PRON
གི་	གི་	PART
སྡེ་སྣོད་	སྡེ་སྣོད་	NOUN
ན་	ནས་	PART
འབྱུང་བ་	འབྱུང་བ་	VERB
འི་	གི་	PART
ཆོ་ག་	ཆོ་ག་	NOUN
མེད་པ་	མེད་པ་	VERB
ར་	ལ་	PART
འགྱུར་	འགྱུར་	VERB
ན་	ལ་	PART
།		PUNCT
དེ་ཡང་	དེ་ཡང་	ADV
མི་རིགས་	མི་རིགས་	NOUN
ཏེ་	སྟེ་	PART
།		PUNCT
ཐེག་ཆེན་	ཐེག་ཆེན་	NOUN
གྱི་	གི་	PART
བྱང་སྡོམ་	བྱང་སྡོམ་	OTHER
ལ་	ལ་	PART
རང་	རང་	PRON
ཐོབ་བྱེད་	ཐོབ་བྱེད་	NOUN
ཀྱི་	གི་	PART
ཆོ་ག་	ཆོ་ག་	NOUN
རྒྱ་	རྒྱ་	NOUN
ཆེ་	ཆེ་	VERB
ར་	ལ་	PART
དངོ་	དངོ་	NOUN
སུ་	ལ་	PART
འབྱུང་བ་	འབྱུང་བ་	VERB
འི་	གི་	PART
ཕྱི་	ཕྱི་	OTHER
རོ་	རོ་	NOUN
། །		PUNCT
དེས་ན་	དེས་ན་	NO_POS
ཐ་	ཐ་	VERB
རྒྱན་	རྒྱན་	NOUN
ལ་	ལ་	ADP
ས་	གིས་	PART
དེ་བཞིན་	དེ་བཞིན་	OTHER
འབྱུང་བ་	འབྱུང་བ་	VERB
ནི་	ནི་	NO_POS
།		PUNCT
སེམས་བསྐྱེད་	སེམས་བསྐྱེད་	NOUN
དང་	དང་	NO_POS
སྡོམ་པ་	སྡོམ་པ་	NOUN
གོང་མ་	གོང་མ་	ADJ
ས་	གིས་	PART
ཟིན་པ་	ཟིན་པ་	VERB
ན་	ལ་	PART
།		PUNCT
གང་ཟག་	གང་ཟག་	NOUN
དེ་	སྟེ་	PART
བྱང་སེམས་	བྱང་སེམས་	NOUN
སུ་	ལ་	PART
གྱུར་པ་	གྱུར་པ་	VERB
ས་	གིས་	PART
དེ་	དེ་	DET
འི་	གི་	PART
རྒྱུད་	རྒྱུད་	NOUN
ཀྱི་	གི་	PART
སྡོམ་པ་	སྡོམ་པ་	NOUN
ཡིན་	ཡིན་	NO_POS
ཞིང་	ཅིང་	PART
།		PUNCT
ཉན་ཐོས་	ཉན་ཐོས་	NOUN
ཀྱི་	གི་	PART
སྡོམ་པ་	སྡོམ་པ་	NOUN
མ་	མ་	PART
ཡིན་	ཡིན་	NO_POS
ལ་	ལ་	PART
།		PUNCT
སེམས་བསྐྱེད་	སེམས་བསྐྱེད་	NOUN
དང་	དང་	NO_POS
གོང་མ་	གོང་མ་	ADJ
ས་	གིས་	PART
ཟིན་པ་	ཟིན་པ་	VERB
ས་	གིས་	PART
ཐེག་ཆེན་པ་	ཐེག་ཆེན་པ་	NOUN
འི་	གི་	PART
རྒྱུད་	རྒྱུད་	NOUN
ལ་	ལ་	PART
ཡོད་པ་	ཡོད་པ་	VERB
འི་	གི་	PART
སོ་ཐར་	སོ་ཐར་	OTHER
གྱི་	གི་	PART
སྡོམ་པ་	སྡོམ་པ་	NOUN
ཡིན་པ་	ཡིན་པ་	AUX
ས་	གིས་	PART
།		PUNCT
སྡོམ་པ་	སྡོམ་པ་	NOUN
འི་	གི་	PART
ཚུལ་ཁྲིམས་	ཚུལ་ཁྲིམས་	NOUN
སུ་	ལ་	PART
འགྱུར་	འགྱུར་	VERB
ཅེས་པ་	ཅེས་པ་	PART
ཡིན་	ཡིན་	NO_POS
ཞིང་	ཅིང་	PART
།		PUNCT
ཐེག་ཆེན་	ཐེག་ཆེན་	NOUN
རང་	རང་	PRON
གི་	གི་	PART
ཐུན་མོང་	ཐུན་མོང་	ADJ
མ་ཡིན་པ་	མ་ཡིན་པ་	OTHER
འི་	གི་	PART
སྡོམ་པ་	སྡོམ་པ་	NOUN
འི་	གི་	PART
ཚུལ་ཁྲིམས་	ཚུལ་ཁྲིམས་	NOUN
ཡིན་པ་	ཡིན་པ་	AUX
ར་	ལ་	PART
གསུངས་པ་	གསུངས་པ་	VERB
མ་	མ་	PART
ཡིན་	ཡིན་	NO_POS
ནོ་	གོ་	PART
། །		PUNCT
མགོན་པོ་	མགོན་པོ་	NOUN
ཟླ་འོད་	ཟླ་འོད་	PROPN
གཞོན་ནུ་	གཞོན་ནུ་	ADJ
འི་	གི་	PART
གསུང་འབུམ་	གསུང་འབུམ་	NOUN
གྱི་	གི་	PART
ནང་	ནང་	NOUN
དུ་	ལ་	PART
འབྱུང་བ་	འབྱུང་བ་	VERB
འི་	གི་	PART
སྡོམ་པ་	སྡོམ་པ་	NOUN
གསུམ་	གསུམ་	NUM
གྱི་	གི་	PART
རྣམ་གཞག་	རྣམ་གཞག་	NOUN
གཞན་	གཞན་	DET
ལ་	ལ་	ADP
ས་	གིས་	PART
ནི་	ནི་	NO_POS
།		PUNCT
སྡོམ་པ་	སྡོམ་པ་	NOUN
གསུམ་	གསུམ་	NUM
ངོ་བོ་	ངོ་བོ་	NOUN
ཐ་དད་	ཐ་དད་	ADJ
།		PUNCT
བསྲུང་	བསྲུང་	NO_POS
ན་	ལ་	PART
འཆོལ་པ་	འཆོལ་པ་	NO_POS
ར་	ལ་	PART
བསྲུང་	བསྲུང་	NO_POS
།		PUNCT
འདོམ་ཐུག་	འདོམ་ཐུག་	NO_POS
བྱུང་	བྱུང་	VERB
ན་	ལ་	PART
གོང་མ་	གོང་མ་	ADJ
གཙོ་	གཙོ་	NOUN
ཆེ་	ཆེ་	VERB
།		PUNCT
ཡོན་ཏན་	ཡོན་ཏན་	NOUN
ཡ་	ཡ་	OTHER
ལྡན་	ལྡན་	VERB
ཡིན་	ཡིན་	NO_POS
།		PUNCT
གཏོང་	གཏོང་	VERB
ཐོབ་	ཐོབ་	VERB
ཐ་དད་	ཐ་དད་	ADJ
།		PUNCT
ཞེ་	ཅེས་	PART
སོགས་	སོགས་	DET
གསུངས་པ་	གསུངས་པ་	VERB
ནི་	ནི་	NO_POS
གསུང་རབ་	གསུང་རབ་	NOUN
ཐམས་ཅད་	ཐམས་ཅད་	DET
ཀྱི་	གི་	PART
དགོངས་པ་	དགོངས་པ་	VERB
དང་	དང་	NO_POS
།		PUNCT
ཆོ་	ཆོ་	NOUN
ཀྱི་	གི་	PART
རྒྱལ་པོ་	རྒྱལ་པོ་	NOUN
ཉིད་	ཉིད་	DET
ཀྱི་	གི་	PART
ཐུགས་བཞེད་	ཐུགས་བཞེད་	OTHER
ཡིན་	ཡིན་	NO_POS
ནོ་	གོ་	PART
། །		PUNCT
གཉིས་པ་	གཉིས་པ་	NUM
བཤད་པ་	བཤད་པ་	VERB
དངོ་	དངོ་	NOUN
ལ་	ལ་	PART
།		PUNCT
དེ་ལྟ་	དེ་ལྟ་	NO_POS
ལུགས་	ལུགས་	NOUN
ཐ་དད་པ་	ཐ་དད་པ་	ADJ
དུ་མ་	དུ་མ་	ADJ
བྱུང་	བྱུང་	VERB
ཀྱང་	ཀྱང་	PART
།		PUNCT
འཐད་པ་	འཐད་པ་	VERB
འི་	གི་	PART
ཕྱོགས་	ཕྱོགས་	NOUN
ནི་	ནི་	NO_POS
བཀའ་	བཀའ་	NOUN
བརྒྱུད་	བརྒྱུད་	NO_POS
རིན་པོ་ཆེ་	རིན་པོ་ཆེ་	ADJ
འི་	གི་	PART
ལུགས་	ལུགས་	NOUN
འདི་	འདི་	DET
ཡིན་	ཡིན་	NO_POS
ལ་	ལ་	PART
།		PUNCT
དེ་ཉིད་	དེ་ཉིད་	NOUN
འཆད་པ་	འཆད་པ་	VERB
ལ་	ལ་	PART
གསུམ་	གསུམ་	NUM
།		PUNCT
འདི་	འདི་	DET
ར་	ལ་	PART
བཤད་	བཤད་	VERB
ཀྱི་	གི་	PART
སྡོམ་པ་	སྡོམ་པ་	NOUN
གསུམ་	གསུམ་	NUM
ངོས་འཛིན་པ་	ངོས་འཛིན་པ་	NOUN
།		PUNCT
སོ་སོ་	སོ་སོ་	PRON
འི་	གི་	PART
ཐོབ་	ཐོབ་	VERB
ཚུལ་	ཚུལ་	NOUN
།		PUNCT
སྡོམ་པ་	སྡོམ་པ་	NOUN
འི་	གི་	PART
ངོ་བོ་	ངོ་བོ་	NOUN
གཅིག་	གཅིག་	NUM
དང་	དང་	NO_POS
ཐ་དད་	ཐ་དད་	ADJ
དཔྱད་པ་	དཔྱད་པ་	VERB
འོ་	གོ་	PART
། །		PUNCT
དང་པོ་	དང་པོ་	ADJ
ནི་	ནི་	NO_POS
།		PUNCT
སོ་སོ་	སོ་སོ་	PRON
ཐར་པ་	ཐར་པ་	VERB
ལ་	ལ་	PART
ཡང་	ཀྱང་	PART
ཐེག་དམན་	ཐེག་དམན་	NOUN
དང་	དང་	NO_POS
ཐེག་ཆེན་	ཐེག་ཆེན་	NOUN
སོ་ཐར་	སོ་ཐར་	OTHER
གཉིས་	གཉིས་	NUM
ལ་	ལ་	ADP
ས་	གིས་	PART
།		PUNCT
འདི་	འདི་	DET
ར་	ལ་	PART
ནི་	ནི་	NO_POS
ཐེག་དམན་	ཐེག་དམན་	NOUN
གྱི་	གི་	PART
སོ་ཐར་	སོ་ཐར་	OTHER
དང་	དང་	NO_POS
།		PUNCT
བྱང་ཆུབ་	བྱང་ཆུབ་	NOUN
སེམས་དཔ་	སེམས་དཔའ་	NOUN
འི་	གི་	PART
སྡོམ་པ་	སྡོམ་པ་	NOUN
ལ་	ལ་	PART
ཡང་	ཀྱང་	PART
།		PUNCT
དམན་པ་	དམན་པ་	VERB
འི་	གི་	PART
བྱང་ཆུབ་	བྱང་ཆུབ་	NOUN
ཀྱི་	གི་	PART
སྡོམ་པ་	སྡོམ་པ་	NOUN
དང་	དང་	NO_POS
།		PUNCT
བྱང་ཆུབ་	བྱང་ཆུབ་	NOUN
ཆེན་པོ་	ཆེན་པོ་	ADJ
འི་	གི་	PART
སྡོམ་པ་	སྡོམ་པ་	NOUN
གཉིས་	གཉིས་	NUM
ལ་	ལ་	ADP
ས་	གིས་	PART
།		PUNCT
འདི་	འདི་	DET
ར་	ལ་	PART
ནི་	ནི་	NO_POS
བྱང་ཆུབ་	བྱང་ཆུབ་	NOUN
ཆེན་པོ་	ཆེན་པོ་	ADJ
འི་	གི་	PART
སྡོམ་པ་	སྡོམ་པ་	NOUN
དང་	དང་	NO_POS
།		PUNCT
རྒྱུད་སྡེ་	རྒྱུད་སྡེ་	NOUN
བཞི་	བཞི་	NUM
འི་	གི་	PART
དབང་	དབང་	NOUN
སོ་སོ་	སོ་སོ་	PRON
ལ་	ལ་	ADP
ས་	གིས་	PART
ཐོབ་པ་	ཐོབ་པ་	VERB
འི་	གི་	PART
སྔགས་སྡོམ་	སྔགས་སྡོམ་	NO_POS
གསུམ་	གསུམ་	NUM
ནི་	ནི་	NO_POS
།		PUNCT
འདི་	འདི་	DET
ར་	ལ་	PART
བཤད་པ་	བཤད་པ་	VERB
ར་	ལ་	PART
བྱ་བ་	བྱ་བ་	VERB
འི་	གི་	PART
སྡོམ་པ་	སྡོམ་པ་	NOUN
གསུམ་	གསུམ་	NUM
ཡིན་	ཡིན་	NO_POS
ནོ་	གོ་	PART
། །		PUNCT
གཉིས་པ་	གཉིས་པ་	NUM
ནི་	ནི་	NO_POS
།		PUNCT
སོ་སོ་	སོ་སོ་	PRON
ཐར་པ་	ཐར་པ་	VERB
འི་	གི་	PART
སྡོམ་པ་	སྡོམ་པ་	NOUN
ནི་	ནི་	NO_POS
།		PUNCT
སོ་ཐར་	སོ་ཐར་	OTHER
རིགས་	རིགས་	NOUN
བརྒྱད་	བརྒྱད་	NUM
སོ་སོ་	སོ་སོ་	PRON
འི་	གི་	PART
རང་	རང་	PRON
གི་	གི་	PART
ཐོབ་བྱེད་	ཐོབ་བྱེད་	NOUN
ཀྱི་	གི་	PART
ཆོ་ག་	ཆོ་ག་	NOUN
ཇི་ལྟ་		
བཤད་པ་	བཤད་པ་	VERB
བཞིན་	བཞིན་	NOUN
ལ་	ལ་	ADP
ས་	གིས་	PART
ཐོབ་	ཐོབ་	VERB
ཅིང་	ཅིང་	PART
།		PUNCT
ལེན་པ་	ལེན་པ་	VERB
འི་	གི་	PART
ཡུལ་	ཡུལ་	NOUN
ཀྱང་	ཀྱང་	PART
མཁན་སློབ་	མཁན་སློབ་	NOUN
དང་	དང་	NO_POS
དགེ་འདུན་	དགེ་འདུན་	NOUN
ལ་	ལ་	ADP
ས་	གིས་	PART
སོགས་པ་	སོགས་པ་	DET
ལ་	ལ་	ADP
ས་	གིས་	PART
ཐོབ་པ་	ཐོབ་པ་	VERB
འོ་	གོ་	PART
། །		PUNCT
བྱང་ཆུབ་	བྱང་ཆུབ་	NOUN
སེམས་དཔ་	སེམས་དཔའ་	NOUN
འི་	གི་	PART
སྡོམ་པ་	སྡོམ་པ་	NOUN
ནི་	ནི་	NO_POS
།		PUNCT
བོད་	བོད་	PROPN
ཀྱི་	གི་	PART
སེམས་	སེམས་	NOUN
ཙམ་པ་	ཙམ་པ་	DET
འི་	གི་	PART
ལུགས་	ལུགས་	NOUN
ཀྱི་	གི་	PART
ཆོ་ག་	ཆོ་ག་	NOUN
དང་	དང་	NO_POS
།		PUNCT
དབུ་མ་པ་	དབུ་མ་པ་	NOUN
འི་	གི་	PART
ལུགས་	ལུགས་	NOUN
ཀྱི་	གི་	PART
ཆོ་ག་	ཆོ་ག་	NOUN
ཐ་དད་པ་	ཐ་དད་པ་	ADJ
ར་	ལ་	PART
འདོད་	འདོད་	VERB
ཀྱང་	ཀྱང་	PART
།		PUNCT
ཐོགས་མེད་	ཐོགས་མེད་	PROPN
སྐུ་མཆེད་	སྐུ་མཆེད་	NOUN
ན་	ནས་	PART
བརྒྱུད་པ་	བརྒྱུད་པ་	VERB
དང་	དང་	NO_POS
།		PUNCT
ཀླུ་སྒྲུབ་	ཀླུ་སྒྲུབ་	PROPN
ཡབ་	ཡབ་	NOUN
སྲ་	སྲ་	NOUN
ལ་	ལ་	ADP
ས་	གིས་	PART
བརྒྱུད་པ་	བརྒྱུད་པ་	VERB
འི་	གི་	PART
ཆོ་ག་	ཆོ་ག་	NOUN
འི་	གི་	PART
ཁྱད་པར་	ཁྱད་པར་	NOUN
ཡོད་	ཡོད་	VERB
ཀྱང་	ཀྱང་	PART
།		PUNCT
དེ་	སྟེ་	PART
གཉིས་	གཉིས་	NUM
དབུ་	དབུ་	NOUN
སེམས་	སེམས་	NOUN
ཀྱི་	གི་	PART
ཆོ་ག་	ཆོ་ག་	NOUN
འི་	གི་	PART
ཐ་དད་	ཐ་དད་	ADJ
ཡིན་པ་	ཡིན་པ་	AUX
འི་	གི་	PART
ངེས་པ་	ངེས་པ་	VERB
མི་	མི་	PART
འདུག་	འདུག་	VERB
གོ་	གོ་	PART
།		PUNCT
བྱང་སྡོམ་	བྱང་སྡོམ་	OTHER
ནི་	ནི་	NO_POS
།		PUNCT
རང་	རང་	PRON
ཐོབ་བྱེད་	ཐོབ་བྱེད་	NOUN
ཀྱི་	གི་	PART
ཆོ་ག་	ཆོ་ག་	NOUN
ལ་	ལ་	ADP
ས་	གིས་	PART
ཐོབ་པ་	ཐོབ་པ་	VERB
ཡིན་	ཡིན་	NO_POS
ཅིང་	ཅིང་	PART
།		PUNCT
ཡུལ་	ཡུལ་	NOUN
ཀྱང་	ཀྱང་	PART
སྡོམ་པ་	སྡོམ་པ་	NOUN
ཉི་ཤུ་པ་	ཉི་ཤུ་པ་	NUM
ར་	ལ་	PART
།		PUNCT
བླ་མ་	བླ་མ་	NOUN
སྡོམ་	སྡོམ་	NOUN
ལ་	ལ་	PART
གནས་	གནས་	NOUN
ཤིང་	ཅིང་	PART
མཁའ་	མཁའ་	VERB
། །		PUNCT
ནུས་	ནུས་	VERB
དང་	དང་	NO_POS
ལྡན་	ལྡན་	VERB
ལ་	ལ་	ADP
ས་	གིས་	PART
བླང་བ་	བླང་བ་	VERB
ར་	ལ་	PART
བྱ་	བྱ་	VERB
། །		PUNCT
ཞེ་	ཅེས་	PART
བླ་མ་	བླ་མ་	NOUN
འམ་	གམ་	PART
ཇོ་བོ་	ཇོ་བོ་	NOUN
ཆེན་པོ་	ཆེན་པོ་	ADJ
རྗེ་	རྗེ་	NO_POS
སོགས་	སོགས་	DET
ཀྱི་	གི་	PART
མདུན་	མདུན་	NOUN
དུ་	ལ་	PART
སངས་རྒྱས་	སངས་རྒྱས་	NOUN
བྱང་སེམས་	བྱང་སེམས་	NOUN
རྣམས་	རྣམས་	DET
ན་	ནས་	PART
ལེན་པ་	ལེན་པ་	VERB
ར་	ལ་	PART
བཤད་པ་	བཤད་པ་	VERB
ལྟ་	ལྟ་	OTHER
།		PUNCT
བླ་མ་	བླ་མ་	NOUN
དང་	དང་	NO_POS
སངས་རྒྱས་	སངས་རྒྱས་	NOUN
བྱང་སེམས་	བྱང་སེམས་	NOUN
ལ་	ལ་	ADP
ས་	གིས་	PART
ལེན་	ལེན་	VERB
ནོ་	གོ་	PART
། །		PUNCT
སྔགས་	སྔགས་	NOUN
ཀྱི་	གི་	PART
སྡོམ་པ་	སྡོམ་པ་	NOUN
ལ་	ལ་	PART
བྱ་སྤྱོད་	བྱ་སྤྱོད་	OTHER
རྣལ་འབྱོར་	རྣལ་འབྱོར་	NOUN
སོགས་	སོགས་	DET
རྒྱུད་སྡེ་	རྒྱུད་སྡེ་	NOUN
འོག་མ་	འོག་མ་	ADJ
འི་	གི་	PART
སྡོམ་པ་	སྡོམ་པ་	NOUN
ནི་	ནི་	NO_POS
།		PUNCT
རང་	རང་	PRON
ཐོབ་བྱེད་	ཐོབ་བྱེད་	NOUN
རྒྱུད་སྡེ་	རྒྱུད་སྡེ་	NOUN
འོག་མ་	འོག་མ་	ADJ
འི་	གི་	PART
དབང་	དབང་	NOUN
བསྐུར་	བསྐུར་	NO_POS
སོ་སོ་བ་	སོ་སོ་བ་	PRON
ལ་	ལ་	ADP
ས་	གིས་	PART
ཐོབ་	ཐོབ་	VERB
ཅིང་	ཅིང་	PART
།		PUNCT
རྣལ་འབྱོར་	རྣལ་འབྱོར་	NOUN
བླ་མེད་	བླ་མེད་	ADJ
ཀྱི་	གི་	PART
དམ་ཚིག་	དམ་ཚིག་	NOUN
དང་	དང་	NO_POS
སྡོམ་པ་	སྡོམ་པ་	NOUN
ནི་	ནི་	NO_POS
།		PUNCT
དབང་	དབང་	NOUN
བཞི་	བཞི་	NUM
ཡོངས་སུ་	ཡོངས་སུ་	NO_POS
རྫོགས་པ་	རྫོགས་པ་	VERB
ར་	ལ་	PART
བསྐུར་བ་	བསྐུར་བ་	VERB
ལ་	ལ་	ADP
ས་	གིས་	PART
ཐོབ་པ་	ཐོབ་པ་	VERB
ཡིན་	ཡིན་	NO_POS
ནོ་	གོ་	PART
། །		PUNCT
ལེན་པ་	ལེན་པ་	VERB
འི་	གི་	PART
ཡུལ་	ཡུལ་	NOUN
ཀྱང་	ཀྱང་	PART
བླ་མ་	བླ་མ་	NOUN
རྡོ་རྗེ་	རྡོ་རྗེ་	NOUN
སློབ་དཔོན་	སློབ་དཔོན་	NOUN
དང་	དང་	NO_POS
དཀྱིལ་འཁོར་	དཀྱིལ་འཁོར་	NOUN
གྱི་	གི་	PART
དྲུང་	དྲུང་	NOUN
དུ་	ལ་	PART
ལེན་པ་	ལེན་པ་	VERB
ཡིན་	ཡིན་	NO_POS
ནོ་	གོ་	PART
། །		PUNCT
གསུམ་པ་	གསུམ་པ་	NUM
ནི་	ནི་	NO_POS
།		PUNCT
སྡོམ་པ་	སྡོམ་པ་	NOUN
འི་	གི་	PART
ངོ་བོ་	ངོ་བོ་	NOUN
ཉན་ཐོས་	ཉན་ཐོས་	NOUN
བྱེ་བྲག་	བྱེ་བྲག་	NOUN
སྨྲ་བ་	སྨྲ་བ་	VERB
རྣམས་	རྣམས་	DET
ནི་	ནི་	NO_POS
།		PUNCT
རྣམ་པ་	རྣམ་པ་	NOUN
ར་	ལ་	PART
རིག་བྱེད་	རིག་བྱེད་	PROPN
མ་ཡིན་པ་	མ་ཡིན་པ་	OTHER
འི་	གི་	PART
གཟུགས་	གཟུགས་	NOUN
སུ་	ལ་	PART
འདོད་	འདོད་	VERB
ལ་	ལ་	PART
།		PUNCT
ཐེག་ཆེན་པ་	ཐེག་ཆེན་པ་	NOUN
ས་	གིས་	PART
ནི་	ནི་	NO_POS
།		PUNCT
སྤྱོད་འཇུག་	སྤྱོད་འཇུག་	PROPN
ལ་	ལ་	ADP
ས་	གིས་	PART
།		PUNCT
སྤོང་བ་	སྤོང་བ་	VERB
འི་	གི་	PART
སེམས་	སེམས་	NOUN
ནི་	ནི་	NO_POS
ཐོབ་པ་	ཐོབ་པ་	VERB
ལ་	ལ་	ADP
ས་	གིས་	PART
། །		PUNCT
ཚུལ་ཁྲིམས་	ཚུལ་ཁྲིམས་	NOUN
ཕ་རོལ་	ཕ་རོལ་	NOUN
ཕྱིན་པ་	ཕྱིན་པ་	VERB
ར་	ལ་	PART
བཤད་	བཤད་	VERB
། །		PUNCT
ཅེས་	ཅེས་	PART
སྤོང་བ་	སྤོང་བ་	VERB
འི་	གི་	PART
སེམས་	སེམས་	NOUN
ལ་	ལ་	PART
བཤད་པ་	བཤད་པ་	VERB
ས་	གིས་	PART
།		PUNCT
སྡོམ་པ་	སྡོམ་པ་	NOUN
གསུམ་	གསུམ་	NUM
རིམ་གྱིས་	རིམ་གྱིས་	NO_POS
ནོད་པ་	ནོད་པ་	VERB
འི་	གི་	PART
དགེ་སློང་	དགེ་སློང་	NOUN
རྡོ་རྗེ་	རྡོ་རྗེ་	NOUN
འཛིན་པ་	འཛིན་པ་	VERB
ལྟ་བུ་	ལྟ་བུ་	NOUN
འི་	གི་	PART
རྒྱུད་	རྒྱུད་	NOUN
ཀྱི་	གི་	PART
སྡོམ་པ་	སྡོམ་པ་	NOUN
གསུམ་པོ་	གསུམ་པོ་	NUM
ལ་	ལ་	PART
སྔ་	སྔ་	NOUN
བཤད་པ་	བཤད་པ་	VERB
ལྟ་	ལྟ་	OTHER
།		PUNCT
བོད་	བོད་	PROPN
ཁ་ཅིག་	ཁ་ཅིག་	PRON
གིས་	གིས་	PART
གནས་	གནས་	NOUN
གྱུར་	གྱུར་	VERB
ངོ་བོ་	ངོ་བོ་	NOUN
གཅིག་པ་	གཅིག་པ་	ADJ
ར་	ལ་	PART
འདོད་	འདོད་	VERB
ཀྱང་	ཀྱང་	PART
།		PUNCT
གནས་	གནས་	NOUN
གྱུར་བ་	གྱུར་བ་	VERB
དང་	དང་	NO_POS
ངོ་བོ་	ངོ་བོ་	NOUN
གཅིག་པ་	གཅིག་པ་	ADJ
འགལ་བ་	འགལ་བ་	VERB
ཡིན་	ཡིན་	NO_POS
ཏེ་	སྟེ་	PART
།		PUNCT
དཔེར་ན་	དཔེར་ན་	NO_POS
གསེར་འགྱུར་	གསེར་འགྱུར་	NOUN
གྱི་	གི་	PART
རྩི་	རྩི་	NOUN
ལྕགས་	ལྕགས་	NOUN
གསེར་	གསེར་	NOUN
དུ་	ལ་	PART
བསྒྱུར་བ་	བསྒྱུར་བ་	VERB
ན་	ལ་	PART
།		PUNCT
ལྕགས་	ལྕགས་	NOUN
དང་	དང་	NO_POS
གསེར་	གསེར་	NOUN
གཉིས་	གཉིས་	NUM
གཅིག་པ་	གཅིག་པ་	ADJ
མ་ཡིན་པ་	མ་ཡིན་པ་	OTHER
བཞིན་	བཞིན་	NOUN
དང་	དང་	NO_POS
།		PUNCT
ཀུན་གཞི་	ཀུན་གཞི་	NOUN
འི་	གི་	PART
རྣམ་ཤེས་	རྣམ་ཤེས་	NOUN
མེ་ལོང་	མེ་ལོང་	NOUN
ལྟ་བུ་	ལྟ་བུ་	NOUN
འི་	གི་	PART
ཡེ་ཤེས་	ཡེ་ཤེས་	NOUN
སུ་	ལ་	PART
གནས་	གནས་	NOUN
གྱུར་པ་	གྱུར་པ་	VERB
འི་	གི་	PART
ཚེ་	ཚེ་	NOUN
ན་	ལ་	PART
ཡང་	ཀྱང་	PART
།		PUNCT
ཀུན་གཞི་	ཀུན་གཞི་	NOUN
དང་	དང་	NO_POS
མེ་ལོང་	མེ་ལོང་	NOUN
ལྟ་བུ་	ལྟ་བུ་	NOUN
འི་	གི་	PART
ཡེ་ཤེས་	ཡེ་ཤེས་	NOUN
གཉིས་	གཉིས་	NUM
ངོ་བོ་	ངོ་བོ་	NOUN
གཅིག་པ་	གཅིག་པ་	ADJ
མ་ཡིན་པ་	མ་ཡིན་པ་	OTHER
བཞིན་	བཞིན་	NOUN
ནོ་	གོ་	PART
། །		PUNCT
ངོ་བོ་	ངོ་བོ་	NOUN
གཅིག་པ་	གཅིག་པ་	ADJ
ལ་	ལ་	PART
གནས་	གནས་	NOUN
གྱུར་	གྱུར་	VERB
དུའང་		NON_WORD
མི་	མི་	PART
རུང་	རུང་	SCONJ
སྟེ་	སྟེ་	PART
།		PUNCT
ལྕགས་	ལྕགས་	NOUN
དང་	དང་	NO_POS
གསེར་	གསེར་	NOUN
གཉིས་	གཉིས་	NUM
ངོ་བོ་	ངོ་བོ་	NOUN
གཅིག་	གཅིག་	NUM
ན་	ལ་	PART
གནས་	གནས་	NOUN
གྱུར་	གྱུར་	VERB
མི་	མི་	PART
དགོས་པ་	དགོས་པ་	VERB
བཞིན་	བཞིན་	NOUN
ནོ་	གོ་	PART
། །		PUNCT
གལ་ཏེ་	གལ་ཏེ་	NO_POS
གནས་མ་	གནས་མ་	PROPN
གྱུར་པ་	གྱུར་པ་	VERB
འི་	གི་	PART
དུས་	དུས་	NOUN
སུ་	ལ་	PART
ངོ་བོ་	ངོ་བོ་	NOUN
མི་	མི་	PART
གཅིག་	གཅིག་	NUM
ཀྱང་	ཀྱང་	PART
།		PUNCT
གནས་	གནས་	NOUN
གྱུར་	གྱུར་	VERB
ན་	ནས་	PART
ངོ་བོ་	ངོ་བོ་	NOUN
གཅིག་པ་	གཅིག་པ་	ADJ
ཡིན་	ཡིན་	NO_POS
ནམ་	གམ་	PART
སྙམ་	སྙམ་	VERB
ན་	ལ་	PART
།		PUNCT
གནས་	གནས་	NOUN
གྱུར་པ་	གྱུར་པ་	VERB
ནི་	ནི་	NO_POS
གསེར་	གསེར་	NOUN
གྱི་	གི་	PART
ངོ་བོ་	ངོ་བོ་	NOUN
ར་	ལ་	PART
གྱུར་པ་	གྱུར་པ་	VERB
ཡིན་པ་	ཡིན་པ་	AUX
ས་	གིས་	PART
།		PUNCT
དེ་	སྟེ་	PART
ལ་	ལ་	PART
ལྕགས་	ལྕགས་	NOUN
ཀྱི་	གི་	PART
ངོ་བོ་	ངོ་བོ་	NOUN
མེད་པ་	མེད་པ་	VERB
ས་	གིས་	PART
ངོ་བོ་	ངོ་བོ་	NOUN
གཅིག་པ་	གཅིག་པ་	ADJ
འི་	གི་	PART
གནས་	གནས་	NOUN
མེད་	མེད་	VERB
དོ་	གོ་	PART
། །		PUNCT
གལ་ཏེ་	གལ་ཏེ་	NO_POS
གནས་	གནས་	NOUN
གྱུར་	གྱུར་	VERB
ན་	ལ་	PART
ལྕགས་	ལྕགས་	NOUN
གསེར་	གསེར་	NOUN
ངོ་བོ་	ངོ་བོ་	NOUN
གཅིག་	གཅིག་	NUM
ན་	ལ་	PART
།		PUNCT
གནས་མ་	གནས་མ་	PROPN
གྱུར་པ་	གྱུར་པ་	VERB
ན་	ལ་	PART
ཡང་	ཀྱང་	PART
ལྕགས་	ལྕགས་	NOUN
གསེར་	གསེར་	NOUN
ངོ་བོ་	ངོ་བོ་	NOUN
གཅིག་	གཅིག་	NUM
དགོས་པ་	དགོས་པ་	VERB
ར་	ལ་	PART
འགྱུར་བ་	འགྱུར་བ་	VERB
བཞིན་	བཞིན་	NOUN
ནོ་	གོ་	PART
། །		PUNCT
སྡོམ་	སྡོམ་	NOUN
གསུམ་	གསུམ་	NUM
རྣམ་གཞག་པ་	རྣམ་གཞག་པ་	NOUN
འི་	གི་	PART
ལུགས་	ལུགས་	NOUN
ཀྱི་	གི་	PART
སྡོམ་པ་	སྡོམ་པ་	NOUN
འོག་མ་	འོག་མ་	ADJ
གོང་མ་	གོང་མ་	ADJ
འི་	གི་	PART
ཡན་ལག་	ཡན་ལག་	NOUN
ཏུ་	ལ་	PART
འགྱུར་	འགྱུར་	VERB
ཞེ་	ཅེས་	PART
ཟེར་བ་	ཟེར་བ་	VERB
ནི་	ནི་	NO_POS
།		PUNCT
སྡོམ་པ་	སྡོམ་པ་	NOUN
འོག་མ་	འོག་མ་	ADJ
གཉིས་	གཉིས་	NUM
ཀྱང་	ཀྱང་	PART
སྔགས་སྡོམ་	སྔགས་སྡོམ་	NO_POS
གྱི་	གི་	PART
ཡན་ལག་	ཡན་ལག་	NOUN
ཏུ་	ལ་	PART
བྱས་པ་	བྱས་པ་	VERB
ན་	ནས་	PART
།		PUNCT
འོག་མ་	འོག་མ་	ADJ
མ་	མ་	PART
ཐོབ་པ་	ཐོབ་པ་	VERB
དང་	དང་	NO_POS
བཏང་བ་	བཏང་བ་	VERB
རྣམས་	རྣམས་	DET
ལ་	ལ་	PART
ནི་	ནི་	NO_POS
།		PUNCT
གོང་མ་	གོང་མ་	ADJ
འི་	གི་	PART
ཡན་ལག་	ཡན་ལག་	NOUN
མ་ཚང་	མ་ཚང་	NO_POS
ཞིང་	ཅིང་	PART
བཏང་བ་	བཏང་བ་	VERB
ར་	ལ་	PART
འགྱུར་བ་	འགྱུར་བ་	VERB
འི་	གི་	PART
སྐྱོན་	སྐྱོན་	NOUN
ཡོད་	ཡོད་	VERB
ཅིང་	ཅིང་	PART
།		PUNCT
སྡོམ་པ་	སྡོམ་པ་	NOUN
འོག་མ་	འོག་མ་	ADJ
གཉིས་	གཉིས་	NUM
ཀྱང་	ཀྱང་	PART
གོང་མ་	གོང་མ་	ADJ
འི་	གི་	PART
ཡན་ལག་	ཡན་ལག་	NOUN
ཡིན་པ་	ཡིན་པ་	AUX
ས་	གིས་	PART
།		PUNCT
གོང་མ་	གོང་མ་	ADJ
འི་	གི་	PART
ཐོབ་བྱེད་	ཐོབ་བྱེད་	NOUN
ཀྱི་	གི་	PART
ཆོ་ག་	ཆོ་ག་	NOUN
ལ་	ལ་	ADP
ས་	གིས་	PART
ཐོབ་	ཐོབ་	VERB
དགོས་པ་	དགོས་པ་	VERB
ར་	ལ་	PART
འགྱུར་	འགྱུར་	VERB
ལ་	ལ་	PART
།		PUNCT
དེ་ལྟ་	དེ་ལྟ་	NO_POS
ན་	ལ་	PART
།		PUNCT
སྔགས་སྡོམ་	སྔགས་སྡོམ་	NO_POS
ཉིད་	ཉིད་	DET
ལ་	ལ་	ADP
ས་	གིས་	PART
སྡོམ་པ་	སྡོམ་པ་	NOUN
གཞན་མ་	གཞན་མ་	PRON
ཡིན་པ་	ཡིན་པ་	AUX
ས་	གིས་	PART
སྔགས་སྡོམ་	སྔགས་སྡོམ་	NO_POS
ལ་	ལ་	ADP
ས་	གིས་	PART
ངོ་བོ་	ངོ་བོ་	NOUN
ཐ་དད་པ་	ཐ་དད་པ་	ADJ
ར་	ལ་	PART
མི་	མི་	PART
རུང་	རུང་	SCONJ
ལ་	ལ་	PART
།		PUNCT
གཏོང་	གཏོང་	VERB
ཐོབ་	ཐོབ་	VERB
ཐ་དད་པ་	ཐ་དད་པ་	ADJ
འང་	ཀྱང་	PART
མི་	མི་	PART
འཐད་	འཐད་	VERB
དོ་	གོ་	PART
། །		PUNCT
གཞན་	གཞན་	DET
ཡང་	ཀྱང་	PART
གོང་མ་	གོང་མ་	ADJ
ས་	གིས་	PART
མ་ཟིན་པ་	མ་ཟིན་པ་	NO_POS
ཡན་ལག་	ཡན་ལག་	NOUN
མ་	མ་	PART
ཡིན་ཡང་	ཡིན་ཡང་	NO_POS
།		PUNCT
ཟིན་པ་	ཟིན་པ་	VERB
ས་	གིས་	PART
ཡན་ལག་	ཡན་ལག་	NOUN
ཏུ་	ལ་	PART
འགྱུར་བ་	འགྱུར་བ་	VERB
ས་	གིས་	PART
སྐྱོན་	སྐྱོན་	NOUN
དེ་དག་	དེ་དག་	OTHER
མེད་	མེད་	VERB
ཅེ་ན་	ཅེ་ན་	PART
།		PUNCT
ཟིན་པ་	ཟིན་པ་	VERB
འི་	གི་	PART
སྡོམ་པ་	སྡོམ་པ་	NOUN
འོག་མ་	འོག་མ་	ADJ
བཏང་བ་	བཏང་བ་	VERB
ན་	ལ་	PART
གོང་མ་	གོང་མ་	ADJ
འི་	གི་	PART
ཡན་ལག་	ཡན་ལག་	NOUN
བཏང་བ་	བཏང་བ་	VERB
ར་	ལ་	PART
འགྱུར་	འགྱུར་	VERB
རོ་	རོ་	NOUN
། །		PUNCT
དེས་ན་	དེས་ན་	NO_POS
།		PUNCT
ཨ་	ཨ་	X
བྷ་	བྷ་	NO_POS
ཡཱ་	ཡཱ་	NO_POS
ཀ་ར་	ཀ་ར་	OTHER
ས་	གིས་	PART
ཀྱང་	ཀྱང་	PART
།		PUNCT
སྤོང་བ་	སྤོང་བ་	VERB
འི་	གི་	PART
སེམས་པ་	སེམས་པ་	VERB
ཙམ་	ཙམ་	DET
དུ་	ལ་	PART
རིགས་	རིགས་	NOUN
གཅིག་	གཅིག་	NUM
ཀྱང་	ཀྱང་	PART
།		PUNCT
སྡོམ་པ་	སྡོམ་པ་	NOUN
གསུམ་	གསུམ་	NUM
ངོ་བོ་	ངོ་བོ་	NOUN
ཐ་དད་པ་	ཐ་དད་པ་	ADJ
ར་	ལ་	PART
བཤད་	བཤད་	VERB
ཅིང་	ཅིང་	PART
།		PUNCT
བི་	བི་	NO_POS
བྷཱུ་		NON_WORD
ཏིས་		NON_WORD
ཀྱང་	ཀྱང་	PART
ཐ་དད་པ་	ཐ་དད་པ་	ADJ
ར་	ལ་	PART
བཤད་པ་	བཤད་པ་	VERB
ལྟ་	ལྟ་	OTHER
།		PUNCT
རྒྱ་གར་བ་	རྒྱ་གར་བ་	PROPN
འི་	གི་	PART
ལུགས་	ལུགས་	NOUN
གང་	གང་	NO_POS
ལ་	ལ་	ADP
ས་	གིས་	PART
ཀྱང་	ཀྱང་	PART
གནས་	གནས་	NOUN
གྱུར་	གྱུར་	VERB
ངོ་བོ་	ངོ་བོ་	NOUN
གཅིག་པ་	གཅིག་པ་	ADJ
ར་	ལ་	PART
བཤད་པ་	བཤད་པ་	VERB
དང་	དང་	NO_POS
།		PUNCT
འོག་མ་	འོག་མ་	ADJ
གོང་མ་	གོང་མ་	ADJ
འི་	གི་	PART
ཡན་ལག་	ཡན་ལག་	NOUN
ཏུ་	ལ་	PART
བཤད་པ་	བཤད་པ་	VERB
སོགས་	སོགས་	DET
མ་	མ་	PART
བྱུང་	བྱུང་	VERB
ངོ་	གོ་	PART
། །		PUNCT
དེས་ན་	དེས་ན་	NO_POS
།		PUNCT
སྡོམ་པ་	སྡོམ་པ་	NOUN
གོང་མ་	གོང་མ་	ADJ
མ་	མ་	PART
ཐོབ་པ་	ཐོབ་པ་	VERB
འི་	གི་	PART
ཚེ་	ཚེ་	NOUN
།		PUNCT
ཐེག་དམན་	ཐེག་དམན་	NOUN
ན་	ནས་	PART
འབྱུང་བ་	འབྱུང་བ་	VERB
འི་	གི་	PART
སོ་ཐར་	སོ་ཐར་	OTHER
གྱི་	གི་	PART
སྡོམ་པ་	སྡོམ་པ་	NOUN
ནི་	ནི་	NO_POS
།		PUNCT
རང་	རང་	PRON
གི་	གི་	PART
ཐུན་མོང་	ཐུན་མོང་	ADJ
མ་ཡིན་པ་	མ་ཡིན་པ་	OTHER
འི་	གི་	PART
སྡོམ་པ་	སྡོམ་པ་	NOUN
ཡིན་	ཡིན་	NO_POS
ཀྱང་	ཀྱང་	PART
།		PUNCT
བྱང་སྡོམ་	བྱང་སྡོམ་	OTHER
ཐོབ་	ཐོབ་	VERB
ན་	ནས་	PART
སེམས་བསྐྱེད་	སེམས་བསྐྱེད་	NOUN
ཁྱད་པར་བ་	ཁྱད་པར་བ་	NOUN
དང་	དང་	NO_POS
།		PUNCT
སྡོམ་པ་	སྡོམ་པ་	NOUN
གོང་མ་	གོང་མ་	ADJ
ས་	གིས་	PART
ཟིན་	ཟིན་	VERB
ཅིང་	ཅིང་	PART
རྟེན་	རྟེན་	NOUN
གྱི་	གི་	PART
གང་ཟག་	གང་ཟག་	NOUN
བྱང་སེམས་	བྱང་སེམས་	NOUN
ཀྱི་	གི་	PART
རྒྱུད་	རྒྱུད་	NOUN
ཀྱི་	གི་	PART
སྡོམ་པ་	སྡོམ་པ་	NOUN
ཡིན་པ་	ཡིན་པ་	AUX
ས་	གིས་	PART
།		PUNCT
སོ་ཐར་	སོ་ཐར་	OTHER
གྱི་	གི་	PART
སྡོམ་པ་	སྡོམ་པ་	NOUN
ནི་	ནི་	NO_POS
ཐུན་མོང་བ་	ཐུན་མོང་བ་	ADJ
འི་	གི་	PART
སྡོམ་པ་	སྡོམ་པ་	NOUN
དང་	དང་	NO_POS
།		PUNCT
བྱང་སྡོམ་	བྱང་སྡོམ་	OTHER
ཐུན་མོང་	ཐུན་མོང་	ADJ
མ་ཡིན་པ་	མ་ཡིན་པ་	OTHER
ར་	ལ་	PART
འགྱུར་	འགྱུར་	VERB
ལ་	ལ་	PART
།		PUNCT
སྔགས་སྡོམ་	སྔགས་སྡོམ་	NO_POS
ཐོབ་པ་	ཐོབ་པ་	VERB
འི་	གི་	PART
ཚེ་	ཚེ་	NOUN
སྔགས་	སྔགས་	NOUN
ཀྱི་	གི་	PART
སེམས་བསྐྱེད་	སེམས་བསྐྱེད་	NOUN
།		PUNCT
སྡོམ་པ་	སྡོམ་པ་	NOUN
ཁྱད་པར་	ཁྱད་པར་	NOUN
བ་	བ་	ADP
ཟིན་	ཟིན་	VERB
ཅིང་	ཅིང་	PART
།		PUNCT
རྟེན་	རྟེན་	NOUN
གྱི་	གི་	PART
གང་ཟག་	གང་ཟག་	NOUN
རིག་པ་	རིག་པ་	VERB
ར་	ལ་	PART
འཛིན་པ་	འཛིན་པ་	VERB
འི་	གི་	PART
རྒྱུད་	རྒྱུད་	NOUN
ཀྱི་	གི་	PART
སྡོམ་པ་	སྡོམ་པ་	NOUN
ཡིན་པ་	ཡིན་པ་	AUX
ས་	གིས་	PART
།		PUNCT
སྡོམ་པ་	སྡོམ་པ་	NOUN
འོག་མ་	འོག་མ་	ADJ
གཉིས་ཀ་	གཉིས་ཀ་	OTHER
ཐུན་མོང་	ཐུན་མོང་	ADJ
བ་	བ་	NOUN
འགྱུར་	འགྱུར་	VERB
ཞིང་	ཅིང་	PART
།		PUNCT
སྔགས་སྡོམ་	སྔགས་སྡོམ་	NO_POS
ཐུན་མོང་	ཐུན་མོང་	ADJ
མ་ཡིན་པ་	མ་ཡིན་པ་	OTHER
ར་	ལ་	PART
འགྱུར་	འགྱུར་	VERB
རོ་	རོ་	NOUN
། །		PUNCT
དེ་	སྟེ་	PART
ལ་	ལ་	PART
སྲོག་གཅོད་	སྲོག་གཅོད་	NOUN
སྤོང་བ་	སྤོང་བ་	VERB
ལྟ་བུ་	ལྟ་བུ་	NOUN
སྡོམ་པ་	སྡོམ་པ་	NOUN
གསུམ་	གསུམ་	NUM
ཀ་	ཀ་	DET
ཡིན་པ་	ཡིན་པ་	AUX
འི་	གི་	PART
སྤོང་བ་	སྤོང་བ་	VERB
འི་	གི་	PART
སེམས་པ་	སེམས་པ་	VERB
ངོ་བོ་	ངོ་བོ་	NOUN
གཅིག་པ་	གཅིག་པ་	ADJ
ས་	གིས་	PART
།		PUNCT
སྡོམ་པ་	སྡོམ་པ་	NOUN
གསུམ་	གསུམ་	NUM
ཀ་	ཀ་	DET
ངོ་བོ་	ངོ་བོ་	NOUN
གཅིག་པ་	གཅིག་པ་	ADJ
ར་	ལ་	PART
འགྱུར་	འགྱུར་	VERB
རོ་	རོ་	NOUN
སྙམ་	སྙམ་	VERB
ན་	ལ་	PART
མི་	མི་	PART
འགྱུར་	འགྱུར་	VERB
ཏེ་	སྟེ་	PART
།		PUNCT
སྲོག་གཅོད་	སྲོག་གཅོད་	NOUN
སྤོང་བ་	སྤོང་བ་	VERB
དང་	དང་	NO_POS
མ་	མ་	PART
བྱིན་ལེན་	བྱིན་ལེན་	NO_POS
སྤོང་བ་	སྤོང་བ་	VERB
ལྟ་བུ་	ལྟ་བུ་	NOUN
སྤོང་	སྤོང་	VERB
སེམས་	སེམས་	NOUN
ཙམ་	ཙམ་	DET
དུ་	ལ་	PART
ངོ་བོ་	ངོ་བོ་	NOUN
གཅིག་	གཅིག་	NUM
ཀྱང་	ཀྱང་	PART
།		PUNCT
དེ་	སྟེ་	PART
གཉིས་	གཉིས་	NUM
ཐ་དད་པ་	ཐ་དད་པ་	ADJ
ལྟ་	ལྟ་	OTHER
།		PUNCT
སྤོང་བ་	སྤོང་བ་	VERB
འི་	གི་	PART
སེམས་པ་	སེམས་པ་	VERB
གཅིག་	གཅིག་	NUM
ལ་	ལ་	PART
ཆོ་ག་	ཆོ་ག་	NOUN
ཐ་དད་	ཐ་དད་	ADJ
ལ་	ལ་	ADP
ས་	གིས་	PART
ཐོབ་པ་	ཐོབ་པ་	VERB
འི་	གི་	PART
ཐོབ་	ཐོབ་	VERB
ཚུལ་	ཚུལ་	NOUN
ཐ་དད་པ་	ཐ་དད་པ་	ADJ
ས་	གིས་	PART
སྡོམ་པ་	སྡོམ་པ་	NOUN
གསུམ་	གསུམ་	NUM
ཡང་ཐ་	ཡང་ཐ་	NO_POS
དད་པ་	དད་པ་	VERB
ཡིན་	ཡིན་	NO_POS
ནོ་	གོ་	PART
། །		PUNCT
དེ་ལྟ་	དེ་ལྟ་	NO_POS
སྡོམ་པ་	སྡོམ་པ་	NOUN
གསུམ་	གསུམ་	NUM
ཐ་དད་	ཐ་དད་	ADJ
ཡིན་པ་	ཡིན་པ་	AUX
ཡང་	ཀྱང་	PART
།		PUNCT
གང་	གང་	NO_POS
ལ་	ལ་	ADP
ས་	གིས་	PART
འབྱུང་བ་	འབྱུང་བ་	VERB
འི་	གི་	PART
ཐེག་པ་	ཐེག་པ་	NOUN
དང་	དང་	NO_POS
།		PUNCT
སྡེ་སྣོད་	སྡེ་སྣོད་	NOUN
མི་	མི་	PART
གཅིག་པ་	གཅིག་པ་	ADJ
ར་	ལ་	PART
ཐ་དད་	ཐ་དད་	ADJ
།		PUNCT
གང་	གང་	NO_POS
ལ་	ལ་	ADP
ས་	གིས་	PART
ལེན་པ་	ལེན་པ་	VERB
འི་	གི་	PART
ཡུལ་མི་	ཡུལ་མི་	NOUN
གཅིག་	གཅིག་	NUM
།		PUNCT
ལེན་	ལེན་	VERB
བྱེད་	བྱེད་	VERB
ཀྱི་	གི་	PART
ཆོ་ག་	ཆོ་ག་	NOUN
མི་	མི་	PART
གཅིག་	གཅིག་	NUM
།		PUNCT
ལེན་པ་	ལེན་པ་	VERB
འི་	གི་	PART
དུས་	དུས་	NOUN
མི་	མི་	PART
གཅིག་	གཅིག་	NUM
།		PUNCT
ལེན་པ་	ལེན་པ་	VERB
འི་	གི་	PART
བསམ་པ་	བསམ་པ་	VERB
དང་སེམས་	དང་སེམས་	NO_POS
བསྐྱེད་	བསྐྱེད་	VERB
མི་	མི་	PART
གཅིག་	གཅིག་	NUM
།		PUNCT
གཏོང་	གཏོང་	VERB
རྒྱུ་	རྒྱུ་	NOUN
དང་	དང་	NO_POS
གཏོང་བ་	གཏོང་བ་	VERB
འི་	གི་	PART
དུས་	དུས་	NOUN
མི་	མི་	PART
གཅིག་	གཅིག་	NUM
།		PUNCT
རྟེན་	རྟེན་	NOUN
གྱི་	གི་	PART
གང་ཟག་	གང་ཟག་	NOUN
མི་	མི་	PART
གཅིག་	གཅིག་	NUM
སྟེ་	སྟེ་	PART
།		PUNCT
སོ་ཐར་	སོ་ཐར་	OTHER
སྡོམ་པ་	སྡོམ་པ་	NOUN
ནི་	ནི་	NO_POS
།		PUNCT
ཐེག་དམན་	ཐེག་དམན་	NOUN
དང་	དང་	NO_POS
ཉན་ཐོས་	ཉན་ཐོས་	NOUN
ཀྱི་	གི་	PART
སྡེ་སྣོད་	སྡེ་སྣོད་	NOUN
ལ་	ལ་	ADP
ས་	གིས་	PART
འབྱུང་	འབྱུང་	VERB
ལ་	ལ་	PART
།		PUNCT
བྱང་སྡོམ་	བྱང་སྡོམ་	OTHER
ནི་	ནི་	NO_POS
།		PUNCT
ཐེག་ཆེན་	ཐེག་ཆེན་	NOUN
གྱི་	གི་	PART
དང་	དང་	NO_POS
བྱང་ཆུབ་	བྱང་ཆུབ་	NOUN
སེམས་དཔ་	སེམས་དཔའ་	NOUN
འི་	གི་	PART
སྡེ་སྣོད་	སྡེ་སྣོད་	NOUN
ལ་	ལ་	ADP
ས་	གིས་	PART
འབྱུང་	འབྱུང་	VERB
ཞིང་	ཅིང་	PART
།		PUNCT
སྔགས་སྡོམ་	སྔགས་སྡོམ་	NO_POS
ནི་	ནི་	NO_POS
།		PUNCT
འབྲས་བུ་	འབྲས་བུ་	NOUN
འི་	གི་	PART
ཐེག་པ་	ཐེག་པ་	NOUN
འམ་	གམ་	PART
རྡོ་རྗེ་	རྡོ་རྗེ་	NOUN
ཐེག་པ་	ཐེག་པ་	NOUN
དང་	དང་	NO_POS
།		PUNCT
རིག་པ་	རིག་པ་	VERB
འཛིན་	འཛིན་	VERB
སྡེ་སྣོད་	སྡེ་སྣོད་	NOUN
ལ་	ལ་	ADP
ས་	གིས་	PART
འབྱུང་བ་	འབྱུང་བ་	VERB
ས་	གིས་	PART
སོ་	གོ་	PART
། །		PUNCT
ལེན་པ་	ལེན་པ་	VERB
འི་	གི་	PART
ཡུལ་མི་	ཡུལ་མི་	NOUN
གཅིག་	གཅིག་	NUM
སྟེ་	སྟེ་	PART
།		PUNCT
ཐེག་དམན་	ཐེག་དམན་	NOUN
སོ་ཐར་	སོ་ཐར་	OTHER
ནི་	ནི་	NO_POS
།		PUNCT
མཁན་སློབ་	མཁན་སློབ་	NOUN
དགེ་འདུན་	དགེ་འདུན་	NOUN
ལ་སོགས་པ་	ལ་སོགས་པ་	NO_POS
ཡིན་	ཡིན་	NO_POS
ལ་	ལ་	PART
།		PUNCT
བྱང་སྡོམ་	བྱང་སྡོམ་	OTHER
ནི་	ནི་	NO_POS
།		PUNCT
བླ་མ་	བླ་མ་	NOUN
དང་	དང་	NO_POS
སངས་རྒྱས་	སངས་རྒྱས་	NOUN
བྱང་སེམས་	བྱང་སེམས་	NOUN
ལ་	ལ་	ADP
ས་	གིས་	PART
ལེན་	ལེན་	VERB
ཅིང་	ཅིང་	PART
།		PUNCT
སྔགས་སྡོམ་	སྔགས་སྡོམ་	NO_POS
ནི་	ནི་	NO_POS
།		PUNCT
རྡོ་རྗེ་	རྡོ་རྗེ་	NOUN
སློབ་དཔོན་	སློབ་དཔོན་	NOUN
དང་	དང་	NO_POS
དཀྱིལ་འཁོར་	དཀྱིལ་འཁོར་	NOUN
གྱི་	གི་	PART
ལྷ་	ལྷ་	NOUN
ལ་	ལ་	ADP
ས་	གིས་	PART
ལེན་པ་	ལེན་པ་	VERB
ས་	གིས་	PART
སོ་	གོ་	PART
། །		PUNCT
ལེན་	ལེན་	VERB
བྱེད་	བྱེད་	VERB
ཀྱི་	གི་	PART
ཆོ་ག་	ཆོ་ག་	NOUN
ཡང་	ཀྱང་	PART
།		PUNCT
སོ་ཐར་	སོ་ཐར་	OTHER
ནི་	ནི་	NO_POS
།		PUNCT
རང་	རང་	PRON
གི་	གི་	PART
འབོགས་ཆོག་	འབོགས་ཆོག་	NO_POS
ཀརྨ་	ཀརྨ་	NO_POS
ཤ་	ཤ་	NOUN
ཏཾ་		NON_WORD
ལ་སོགས་	ལ་སོགས་	NO_POS
ལ་	ལ་	ADP
ས་	གིས་	PART
འབྱུང་བ་	འབྱུང་བ་	VERB
ལྟ་བུ་	ལྟ་བུ་	NOUN
ལ་	ལ་	ADP
ས་	གིས་	PART
ཐོབ་	ཐོབ་	VERB
ལ་	ལ་	PART
།		PUNCT
བྱང་སྡོམ་	བྱང་སྡོམ་	OTHER
ནི་	ནི་	NO_POS
།		PUNCT
ཐེག་ཆེན་	ཐེག་ཆེན་	NOUN
གྱི་	གི་	PART
འདུལ་བ་	འདུལ་བ་	VERB
འི་	གི་	PART
སྡེ་སྣོད་	སྡེ་སྣོད་	NOUN
ལ་	ལ་	ADP
ས་	གིས་	PART
འབྱུང་བ་	འབྱུང་བ་	VERB
འི་	གི་	PART
ཆོ་ག་	ཆོ་ག་	NOUN
ལ་	ལ་	ADP
ས་	གིས་	PART
ཐོབ་	ཐོབ་	VERB
ཅིང་	ཅིང་	PART
།		PUNCT
སྔགས་སྡོམ་	སྔགས་སྡོམ་	NO_POS
ནི་	ནི་	NO_POS
།		PUNCT
དབང་	དབང་	NOUN
བསྐུར་བ་	བསྐུར་བ་	VERB
ལ་	ལ་	ADP
ས་	གིས་	PART
ཐོབ་པ་	ཐོབ་པ་	VERB
ས་	གིས་	PART
སོ་	གོ་	PART
། །		PUNCT
དུས་	དུས་	NOUN
མི་	མི་	PART
གཅིག་	གཅིག་	NUM
སྟེ་	སྟེ་	PART
།		PUNCT
དུས་	དུས་	NOUN
སོ་སོ་	སོ་སོ་	PRON
ར་	ལ་	PART
བླངས་པ་	བླངས་པ་	VERB
ས་	གིས་	PART
སོ་	གོ་	PART
། །		PUNCT
བསམ་པ་	བསམ་པ་	VERB
དང་སེམས་	དང་སེམས་	NO_POS
བསྐྱེད་	བསྐྱེད་	VERB
མི་	མི་	PART
གཅིག་	གཅིག་	NUM
སྟེ་	སྟེ་	PART
།		PUNCT
སོ་ཐར་	སོ་ཐར་	OTHER
ནི་	ནི་	NO_POS
།		PUNCT
འཁོར་བ་	འཁོར་བ་	NOUN
ལ་	ལ་	ADP
ས་	གིས་	PART
རང་ཉིད་	རང་ཉིད་	OTHER
ཐ་	ཐ་	VERB
འདོད་	འདོད་	VERB
ཀྱི་	གི་	PART
བསམ་པ་	བསམ་པ་	VERB
དང་	དང་	NO_POS
།		PUNCT
དམན་པ་	དམན་པ་	VERB
འི་	གི་	PART
བྱང་ཆུབ་	བྱང་ཆུབ་	NOUN
ཏུ་	ལ་	PART
སེམས་བསྐྱེད་པ་	སེམས་བསྐྱེད་པ་	NOUN
ཡིན་	ཡིན་	NO_POS
ཅིང་	ཅིང་	PART
།		PUNCT
བྱང་སྡོམ་	བྱང་སྡོམ་	OTHER
ནི་	ནི་	NO_POS
།		PUNCT
འགྲོ་བ་	འགྲོ་བ་	VERB
ཐམས་ཅད་	ཐམས་ཅད་	DET
བྱང་ཆུབ་	བྱང་ཆུབ་	NOUN
ཆེན་པོ་	ཆེན་པོ་	ADJ
ཐོབ་པ་	ཐོབ་པ་	VERB
ར་	ལ་	PART
བྱ་བ་	བྱ་བ་	VERB
འི་	གི་	PART
བསམ་པ་	བསམ་པ་	VERB
དང་	དང་	NO_POS
།		PUNCT
ཐེག་ཆེན་	ཐེག་ཆེན་	NOUN
གྱི་	གི་	PART
བྱང་ཆུབ་	བྱང་ཆུབ་	NOUN
ཆེན་པོ་	ཆེན་པོ་	ADJ
ར་	ལ་	PART
སེམས་བསྐྱེད་པ་	སེམས་བསྐྱེད་པ་	NOUN
ཡིན་	ཡིན་	NO_POS
ལ་	ལ་	PART
།		PUNCT
སྔགས་སྡོམ་	སྔགས་སྡོམ་	NO_POS
ནི་	ནི་	NO_POS
།		PUNCT
སེམས་ཅན་	སེམས་ཅན་	NOUN
ཐམས་ཅད་	ཐམས་ཅད་	DET
ཀྱི་	གི་	PART
དོན་	དོན་	NOUN
གཅིག་	གཅིག་	NUM
ཅ་	ཅ་	OTHER
ར་	ལ་	PART
དུ་	ལ་	PART
བསྒྲུབ་པ་	བསྒྲུབ་པ་	VERB
འི་	གི་	PART
བསམ་པ་	བསམ་པ་	VERB
དང་	དང་	NO_POS
།		PUNCT
རྡོ་རྗེ་	རྡོ་རྗེ་	NOUN
འི་	གི་	PART
སེམས་བསྐྱེད་པ་	སེམས་བསྐྱེད་པ་	NOUN
ཡིན་པ་	ཡིན་པ་	AUX
ས་	གིས་	PART
སོ་	གོ་	PART
། །		PUNCT
གཏོང་	གཏོང་	VERB
རྒྱུ་	རྒྱུ་	NOUN
སོ་སོ་	སོ་སོ་	PRON
ར་	ལ་	PART
མི་	མི་	PART
གཅིག་པ་	གཅིག་པ་	ADJ
བཤད་པ་	བཤད་པ་	VERB
ལྟ་	ལྟ་	OTHER
ལ་	ལ་	PART
།		PUNCT
གཏོང་བ་	གཏོང་བ་	VERB
འི་	གི་	PART
དུས་	དུས་	NOUN
ཀྱང་	ཀྱང་	PART
སོ་ཐར་	སོ་ཐར་	OTHER
གྱི་	གི་	PART
སྡོམ་པ་	སྡོམ་པ་	NOUN
ནི་	ནི་	NO_POS
།		PUNCT
བསྙེན་གནས་	བསྙེན་གནས་	NO_POS
མཚན་མོ་	མཚན་མོ་	ADV
འདས་པ་	འདས་པ་	VERB
དང་	དང་	NO_POS
གཞན་	གཞན་	DET
རྣམས་	རྣམས་	DET
འཆི་	འཆི་	VERB
འཕོས་པ་	འཕོས་པ་	VERB
ས་	གིས་	PART
གཏོང་བ་	གཏོང་བ་	VERB
སོགས་	སོགས་	DET
ནི་	ནི་	NO_POS
ཁ་	ཁ་	PRON
ས་	གིས་	PART
བླངས་	བླངས་	VERB
དུས་	དུས་	NOUN
ཀྱིས་	གིས་	PART
བཏང་བ་	བཏང་བ་	VERB
ཡིན་	ཡིན་	NO_POS
ཏེ་	སྟེ་	PART
།		PUNCT
སོ་ཐར་	སོ་ཐར་	OTHER
གྱི་	གི་	PART
སྡོམ་པ་	སྡོམ་པ་	NOUN
ནི་	ནི་	NO_POS
།		PUNCT
ཇི་སྲིད་	ཇི་སྲིད་	PRON
འཚོ་བ་	འཚོ་བ་	VERB
འི་	གི་	PART
སྡོམ་པ་	སྡོམ་པ་	NOUN
ཡིན་པ་	ཡིན་པ་	AUX
ས་	གིས་	PART
སོ་	གོ་	PART
། །		PUNCT
བྱང་སྡོམ་	བྱང་སྡོམ་	OTHER
ཡང་	ཀྱང་	PART
ཇི་སྲིད་	ཇི་སྲིད་	PRON
བྱང་ཆུབ་	བྱང་ཆུབ་	NOUN
སྙིང་པོ་	སྙིང་པོ་	NOUN
འི་	གི་	PART
བ་	བ་	NOUN
དུ་	ལ་	PART
ཞེས་་	ཞེས་པ་	PART
ནི་	ནི་	NO_POS
།		PUNCT
སངས་རྒྱས་	སངས་རྒྱས་	NOUN
ཐོབ་པ་	ཐོབ་པ་	VERB
ཚུན་	ཚུན་	ADV
ཆོད་	ཆོད་	VERB
ཞེས་་	ཞེས་པ་	PART
ཡིན་པ་	ཡིན་པ་	AUX
ས་	གིས་	PART
།		PUNCT
སངས་	སངས་	VERB
མ་	མ་	PART
རྒྱ་	རྒྱ་	VERB
ཀྱི་	གི་	PART
བར་མི་	བར་མི་	NO_POS
གཏང་བ་	གཏང་བ་	VERB
འི་	གི་	PART
ཕྱི་	ཕྱི་	OTHER
།		PUNCT
བྱང་ཆུབ་	བྱང་ཆུབ་	NOUN
ཐོབ་	ཐོབ་	VERB
ན་	ནས་	PART
གཏང་བ་	གཏང་བ་	VERB
འི་	གི་	PART
དོན་	དོན་	NOUN
མ་	མ་	PART
ཡིན་	ཡིན་	NO_POS
ནོ་	གོ་	PART
། །		PUNCT
སྔགས་སྡོམ་	སྔགས་སྡོམ་	NO_POS
ཡང་	ཀྱང་	PART
དེ་	སྟེ་	PART
དང་	དང་	NO_POS
འདྲ་	འདྲ་	VERB
འོ་	གོ་	PART
། །		PUNCT
སྡོམ་པ་	སྡོམ་པ་	NOUN
གོང་མ་	གོང་མ་	ADJ
གཉིས་	གཉིས་	NUM
ལ་	ལ་	PART
གཏོང་	གཏོང་	VERB
རྒྱུ་	རྒྱུ་	NOUN
གཞན་མ་	གཞན་མ་	PRON
བྱུང་བ་	བྱུང་བ་	VERB
ས་	གིས་	PART
གཏོང་བ་	གཏོང་བ་	VERB
མེད་	མེད་	VERB
དོ་	གོ་	PART
། །		PUNCT
རྟེན་	རྟེན་	NOUN
གྱི་	གི་	PART
གང་ཟག་	གང་ཟག་	NOUN
ཀྱང་	ཀྱང་	PART
མི་	མི་	PART
གཅིག་	གཅིག་	NUM
སྟེ་	སྟེ་	PART
།		PUNCT
སོ་ཐར་	སོ་ཐར་	OTHER
ཁོ་ན་	ཁོ་ན་	DET
འི་	གི་	PART
སྡོམ་	སྡོམ་	NOUN
ལྡན་	ལྡན་	VERB
ནི་	ནི་	NO_POS
།		PUNCT
ཉན་ཐོས་	ཉན་ཐོས་	NOUN
ཡིན་	ཡིན་	NO_POS
ལ་	ལ་	PART
།		PUNCT
བྱང་སྡོམ་	བྱང་སྡོམ་	OTHER
ཐོབ་	ཐོབ་	VERB
ན་	ནས་	PART
བྱང་སེམས་	བྱང་སེམས་	NOUN
ཡིན་	ཡིན་	NO_POS
ཅིང་	ཅིང་	PART
།		PUNCT
དབང་	དབང་	NOUN
ཐོབ་	ཐོབ་	VERB
ན་	ནས་	PART
རིག་པ་	རིག་པ་	VERB
འཛིན་པ་	འཛིན་པ་	VERB
འི་	གི་	PART
སྔགས་པ་	སྔགས་པ་	NOUN
ཡིན་པ་	ཡིན་པ་	AUX
ས་	གིས་	PART
སོ་	གོ་	PART
། །		PUNCT
འདི་	འདི་	DET
འི་	གི་	PART
དབང་	དབང་	NOUN
དུ་	ལ་	PART
མཛད་	མཛད་	VERB
ན་	ནས་	PART
རྒྱུད་	རྒྱུད་	NOUN
འབུམ་པ་	འབུམ་པ་	NUM
ར་	ལ་	PART
།		PUNCT
རྡོ་	རྡོ་	NOUN
ཡི་	གི་	PART
རིགས་	རིགས་	NOUN
ཀྱི་	གི་	PART
བྱེ་བྲག་	བྱེ་བྲག་	NOUN
ནི་	ནི་	NO_POS
། །		PUNCT
བཞུས་པ་	བཞུས་པ་	NO_POS
ས་	གིས་	PART
གསེར་དངུལ་	གསེར་དངུལ་	NOUN
ཟངས་	ཟངས་	NOUN
ལྕགས་	ལྕགས་	NOUN
འབྱུང་	འབྱུང་	VERB
། །		PUNCT
ཞེ་	ཅེས་	PART
སོགས་	སོགས་	DET
སྔ་	སྔ་	NOUN
དྲངས་པ་	དྲངས་པ་	VERB
ཉིད་	ཉིད་	DET
གསུངས་པ་	གསུངས་པ་	VERB
ཡིན་	ཡིན་	NO_POS
ཏེ་	སྟེ་	PART
།		PUNCT
རྡོ་	རྡོ་	NOUN
འི་	གི་	PART
རིགས་	རིགས་	NOUN
གསེར་རྡོ་	གསེར་རྡོ་	NO_POS
དང་	དང་	NO_POS
དངུལ་རྡོ་	དངུལ་རྡོ་	NO_POS
སོགས་	སོགས་	DET
ཀྱི་	གི་	PART
བྱེ་བྲག་	བྱེ་བྲག་	NOUN
བཞུས་པ་	བཞུས་པ་	NO_POS
ལ་	ལ་	ADP
ས་	གིས་	PART
།		PUNCT
གསེར་དངུལ་	གསེར་དངུལ་	NOUN
ཟངས་	ཟངས་	NOUN
ལྕགས་	ལྕགས་	NOUN
ཐ་དད་	ཐ་དད་	ADJ
དུ་	ལ་	PART
འབྱུང་བ་	འབྱུང་བ་	VERB
བཞིན་	བཞིན་	NOUN
དུ་	ལ་	PART
།		PUNCT
སོ་ཐར་	སོ་ཐར་	OTHER
བྱང་སྡོམ་	བྱང་སྡོམ་	OTHER
སྔགས་སྡོམ་	སྔགས་སྡོམ་	NO_POS
གསུམ་	གསུམ་	NUM
རང་རང་	རང་རང་	NO_POS
གི་	གི་	PART
ཐོབ་བྱེད་	ཐོབ་བྱེད་	NOUN
ཀྱི་	གི་	PART
ཆོ་ག་	ཆོ་ག་	NOUN
ལ་	ལ་	ADP
ས་	གིས་	PART
ཐོབ་	ཐོབ་	VERB
ཅིང་	ཅིང་	PART
།		PUNCT
ཇི་ལྟ་		
ཐོབ་པ་	ཐོབ་པ་	VERB
འི་	གི་	PART
རིམ་པ་	རིམ་པ་	NOUN
ས་	གིས་	PART
།		PUNCT
སོ་ཐར་	སོ་ཐར་	OTHER
ཁོ་ན་	ཁོ་ན་	DET
རྒྱུད་	རྒྱུད་	NOUN
ལྡན་	ལྡན་	VERB
གྱི་	གི་	PART
གང་ཟག་	གང་ཟག་	NOUN
དེ་	སྟེ་	PART
ལ་	ལ་	PART
།		PUNCT
ཉན་ཐོས་	ཉན་ཐོས་	NOUN
ཞེ་	ཅེས་	PART
བྱ་	བྱ་	VERB
ལ་	ལ་	PART
།		PUNCT
བྱང་སྡོམ་	བྱང་སྡོམ་	OTHER
རྒྱུད་	རྒྱུད་	NOUN
ལྡན་	ལྡན་	VERB
དེ་	སྟེ་	PART
ལ་	ལ་	PART
བྱང་སེམས་	བྱང་སེམས་	NOUN
ཞེ་	ཅེས་	PART
བྱ་	བྱ་	VERB
ལ་	ལ་	PART
།		PUNCT
སྔགས་སྡོམ་	སྔགས་སྡོམ་	NO_POS
རྒྱུད་	རྒྱུད་	NOUN
ལྡན་	ལྡན་	VERB
ལ་	ལ་	PART
སྔགས་པ་	སྔགས་པ་	NOUN
རིག་པ་	རིག་པ་	VERB
འཛིན་པ་	འཛིན་པ་	VERB
ཞེ་	ཅེས་	PART
བྱ་བ་	བྱ་བ་	VERB
ཐ་དད་	ཐ་དད་	ADJ
དུ་	ལ་	PART
འབྱུང་བ་	འབྱུང་བ་	VERB
ཡིན་	ཡིན་	NO_POS
ཏེ་	སྟེ་	PART
།		PUNCT
གསེར་འགྱུར་	གསེར་འགྱུར་	NOUN
རྩི་	རྩི་	NOUN
གསེར་	གསེར་	NOUN
དུ་	ལ་	PART
བསྒྱུར་བ་	བསྒྱུར་བ་	VERB
ལྟ་	ལྟ་	OTHER
།		PUNCT
སྔགས་	སྔགས་	NOUN
ཀྱི་	གི་	PART
དཀྱིལ་འཁོར་	དཀྱིལ་འཁོར་	NOUN
ཆེད་པོ་	ཆེད་པོ་	NOUN
འདི་	འདི་	DET
ར་	ལ་	PART
ཞུགས་	ཞུགས་	VERB
ན་	ནས་	PART
སྔགས་སྡོམ་	སྔགས་སྡོམ་	NO_POS
ཐོབ་པ་	ཐོབ་པ་	VERB
འི་	གི་	PART
ཚེ་	ཚེ་	NOUN
།		PUNCT
སྔ་	སྔ་	NOUN
གྱི་	གི་	PART
ཉན་ཐོས་	ཉན་ཐོས་	NOUN
བྱང་སེམས་	བྱང་སེམས་	NOUN
ཞེ་	ཅེས་	PART
བྱ་བ་	བྱ་བ་	VERB
འི་	གི་	PART
གང་ཟག་	གང་ཟག་	NOUN
དེ་	སྟེ་	PART
ལ་	ལ་	PART
རིག་པ་	རིག་པ་	VERB
འཛིན་པ་	འཛིན་པ་	VERB
ཞེ་	ཅེས་	PART
བྱ་	བྱ་	VERB
འོ་	གོ་	PART
། །		PUNCT
ཞེས་་	ཞེས་པ་	PART
འི་	གི་	PART
དོན་	དོན་	NOUN
ཡིན་	ཡིན་	NO_POS
གྱི་	གི་	PART
།		PUNCT
སྡོམ་པ་	སྡོམ་པ་	NOUN
གསུམ་	གསུམ་	NUM
གནས་	གནས་	NOUN
གྱུར་པ་	གྱུར་པ་	VERB
འི་	གི་	PART
དོན་	དོན་	NOUN
མ་	མ་	PART
ཡིན་	ཡིན་	NO_POS
ནོ་	གོ་	PART
། །		PUNCT
སྤྱི་		
ཁྱིམ་པ་	ཁྱིམ་པ་	NOUN
དང་	དང་	NO_POS
རབ་བྱུང་	རབ་བྱུང་	NOUN
གཉིས་	གཉིས་	NUM
ལ་	ལ་	ADP
ས་	གིས་	PART
།		PUNCT
སོ་ཐར་	སོ་ཐར་	OTHER
རིགས་	རིགས་	NOUN
བརྒྱད་	བརྒྱད་	NUM
ལ་	ལ་	PART
བསྙེན་གནས་	བསྙེན་གནས་	NO_POS
དགེ་བསྙེན་	དགེ་བསྙེན་	NOUN
ཙམ་	ཙམ་	DET
གྱི་	གི་	PART
སྡོམ་	སྡོམ་	NOUN
ལྡན་	ལྡན་	VERB
ནི་	ནི་	NO_POS
ཁྱིམ་པ་	ཁྱིམ་པ་	NOUN
ཡིན་	ཡིན་	NO_POS
ལ་	ལ་	PART
།		PUNCT
རབ་ཏུ་	རབ་ཏུ་	NO_POS
མ་	མ་	PART
བྱུང་	བྱུང་	VERB
ན་	ལ་	PART
དགེ་ཚུལ་	དགེ་ཚུལ་	VERB
དང་	དང་	NO_POS
དགེ་སློང་	དགེ་སློང་	NOUN
གི་	གི་	PART
སྡོམ་པ་	སྡོམ་པ་	NOUN
ལྡན་	ལྡན་	VERB
ཀྱང་	ཀྱང་	PART
།		PUNCT
ཁྱིམ་པ་	ཁྱིམ་པ་	NOUN
འི་	གི་	PART
རྟགས་	རྟགས་	NOUN
ཅན་	ཅན་	PART
ཡིན་པ་	ཡིན་པ་	AUX
ས་	གིས་	PART
འཇིག་རྟེན་	འཇིག་རྟེན་	NOUN
བརྡ་	བརྡའ་	NOUN
ར་	ལ་	PART
བཏགས་	བཏགས་	VERB
ཀྱིས་	གིས་	PART
ཁྱིམ་པ་	ཁྱིམ་པ་	NOUN
འི་	གི་	PART
ཕྱོགས་	ཕྱོགས་	NOUN
སུ་	ལ་	PART
གཏོགས་	གཏོགས་	VERB
སོ་	གོ་	PART
། །		PUNCT
གཞན་	གཞན་	DET
ཡང་	ཀྱང་	PART
སྔོན་	སྔོན་	ADV
དགེ་སློང་	དགེ་སློང་	NOUN
མང་པོ་	མང་པོ་	ADJ
དད་ཟས་	དད་ཟས་	NOUN
ཀྱི་	གི་	PART
ཉེས་དམིགས་	ཉེས་དམིགས་	NOUN
མཐོང་	མཐོང་	VERB
ན་	ནས་	PART
བསླབ་པ་	བསླབ་པ་	VERB
ཕུལ་བ་	ཕུལ་བ་	VERB
ས་	གིས་	PART
།		PUNCT
བཅོམ་ལྡན་འདས་	བཅོམ་ལྡན་འདས་	NOUN
ཀྱིས་	གིས་	PART
ལེགས་	ལེགས་	VERB
སོ་	གོ་	PART
ཞེ་	ཅེས་	PART
གསུངས་པ་	གསུངས་པ་	VERB
ར་	ལ་	PART
བཤད་པ་	བཤད་པ་	VERB
དེ་དག་	དེ་དག་	OTHER
དང་	དང་	NO_POS
།		PUNCT
ཁྱིམ་བདག་	ཁྱིམ་བདག་	NOUN
གྲགས་པ་	གྲགས་པ་	VERB
རབ་བྱུང་	རབ་བྱུང་	NOUN
དང་	དང་	NO_POS
བསྙེན་རྫོགས་	བསྙེན་རྫོགས་	NOUN
ཀྱི་	གི་	PART
སྡོམ་པ་	སྡོམ་པ་	NOUN
གང་ཡང་	གང་ཡང་	NO_POS
མ་	མ་	PART
ཐོབ་པ་	ཐོབ་པ་	VERB
ར་	ལ་	PART
དགྲ་བཅོམ་	དགྲ་བཅོམ་	NOUN
ཐོབ་པ་	ཐོབ་པ་	VERB
ལ་	ལ་	PART
།		PUNCT
བཅོམ་ལྡན་འདས་	བཅོམ་ལྡན་འདས་	NOUN
ཀྱིས་	གིས་	PART
།		PUNCT
རྒྱན་	རྒྱན་	NOUN
གྱིས་	གིས་	PART
བརྒྱན་པ་	བརྒྱན་པ་	VERB
ར་	ལ་	PART
བྱ་	བྱ་	VERB
ཀྱང་	ཀྱང་	PART
ཆོས་སྤྱོད་	ཆོས་སྤྱོད་	NOUN
ཅིང་	ཅིང་	PART
། །		PUNCT
དུལ་	དུལ་	VERB
ཞིང་	ཅིང་	PART
ཡང་དག་	ཡང་དག་	ADJ
སྡོམ་	སྡོམ་	NOUN
ལ་	ལ་	PART
ཚངས་པ་	ཚངས་པ་	PROPN
ར་	ལ་	PART
སྤྱོད་	སྤྱོད་	VERB
། །		PUNCT
འབྱུང་པོ་	འབྱུང་པོ་	NOUN
ཀུན་	ཀུན་	DET
ལ་	ལ་	PART
ཆད་པ་	ཆད་པ་	VERB
སྤངས་པ་	སྤངས་པ་	VERB
སྟེ་	སྟེ་	PART
། །		PUNCT
དགེ་སློང་	དགེ་སློང་	NOUN
དགེ་སྦྱོང་	དགེ་སྦྱོང་	NOUN
དེ་	སྟེ་	PART
ཡིན་	ཡིན་	NO_POS
བྲམ་ཟེ་	བྲམ་ཟེ་	NOUN
འང་	ཀྱང་	PART
དེ་	སྟེ་	PART
། །		PUNCT
ཞེ་	ཅེས་	PART
བཀའ་	བཀའ་	NOUN
སྩལ་པ་	སྩལ་པ་	VERB
ལྟ་བུ་	ལྟ་བུ་	NOUN
ཡང་	ཀྱང་	PART
།		PUNCT
རྟོགས་པ་	རྟོགས་པ་	VERB
རྒྱུད་	རྒྱུད་	NOUN
ལ་	ལ་	PART
སྐྱེ་བ་	སྐྱེ་བ་	VERB
འི་	གི་	PART
དགེ་སློང་	དགེ་སློང་	NOUN
ངམ་	གམ་	PART
།		PUNCT
དོན་	དོན་	NOUN
གྱི་	གི་	PART
དགེ་སློང་	དགེ་སློང་	NOUN
ཡིན་ཡང་	ཡིན་ཡང་	NO_POS
།		PUNCT
ཁྱིམ་པ་	ཁྱིམ་པ་	NOUN
དང་	དང་	NO_POS
རབ་བྱུང་	རབ་བྱུང་	NOUN
གཉིས་	གཉིས་	NUM
ཀྱི་	གི་	PART
ནི་	ནི་	NO_POS
ཁྱིམ་པ་	ཁྱིམ་པ་	NOUN
ཡིན་	ཡིན་	NO_POS
ཏེ་	སྟེ་	PART
།		PUNCT
འཇིག་རྟེན་	འཇིག་རྟེན་	NOUN
བརྡ་	བརྡའ་	NOUN
ར་	ལ་	PART
བཏགས་	བཏགས་	VERB
ཀྱི་	གི་	PART
དབང་	དབང་	NOUN
དུ་	ལ་	PART
བྱས་པ་	བྱས་པ་	VERB
འོ་	གོ་	PART
། །		PUNCT
ཐེག་པ་	ཐེག་པ་	NOUN
ཆེན་པོ་	ཆེན་པོ་	ADJ
ལ་	ལ་	ADP
ས་	གིས་	PART
བྱུང་བ་	བྱུང་བ་	VERB
འི་	གི་	PART
ཚུལ་ཁྲིམས་	ཚུལ་ཁྲིམས་	NOUN
ཀྱི་	གི་	PART
ལེའུ་	ལེའུ་	NOUN
ལ་	ལ་	ADP
ས་	གིས་	PART
།		PUNCT
ཁྱིམ་པ་	ཁྱིམ་པ་	NOUN
དང་	དང་	NO_POS
རབ་བྱུང་	རབ་བྱུང་	NOUN
གི་	གི་	PART
ཕྱོགས་	ཕྱོགས་	NOUN
གཉིས་	གཉིས་	NUM
བཤད་པ་	བཤད་པ་	VERB
ལ་	ལ་	PART
།		PUNCT
བྱང་སེམས་	བྱང་སེམས་	NOUN
ནི་	ནི་	NO_POS
སེམས་ཅན་	སེམས་ཅན་	NOUN
གྱི་	གི་	PART
དོན་	དོན་	NOUN
རྣམ་པ་	རྣམ་པ་	NOUN
སྣ་ཚོགས་	སྣ་ཚོགས་	DET
སྒྲུབ་པ་	སྒྲུབ་པ་	VERB
འི་	གི་	PART
སླད་	སླད་	NOUN
དུ་	ལ་	PART
ཁྱིམ་པ་	ཁྱིམ་པ་	NOUN
མང་	མང་	VERB
སྟེ་	སྟེ་	PART
།		PUNCT
དཔེར་ན་	དཔེར་ན་	NO_POS
བྱམས་པ་	བྱམས་པ་	PROPN
དང་	དང་	NO_POS
འཇམ་དབྱངས་	འཇམ་དབྱངས་	PROPN
སོགས་	སོགས་	DET
དང་	དང་	NO_POS
རྒྱན་	རྒྱན་	NOUN
གྱིས་	གིས་	PART
བརྒྱན་པ་	བརྒྱན་པ་	VERB
འི་	གི་	PART
ཆ་ལུགས་	ཆ་ལུགས་	NOUN
ཅན་	ཅན་	PART
རྣམས་	རྣམས་	DET
ཁྱིམ་པ་	ཁྱིམ་པ་	NOUN
རབ་བྱུང་	རབ་བྱུང་	NOUN
གཉིས་	གཉིས་	NUM
ཀྱི་	གི་	PART
ཁྱིམ་པ་	ཁྱིམ་པ་	NOUN
ཡིན་	ཡིན་	NO_POS
ཀྱང་	ཀྱང་	PART
།		PUNCT
དོན་	དོན་	NOUN
གྱི་	གི་	PART
རབ་བྱུང་	རབ་བྱུང་	NOUN
དང་	དང་	NO_POS
དགེ་སློང་	དགེ་སློང་	NOUN
ཡིན་	ཡིན་	NO_POS
ནོ་	གོ་	PART
། །		PUNCT
སྔགས་པ་	སྔགས་པ་	NOUN
ལ་	ལ་	PART
རབ་བྱུང་	རབ་བྱུང་	NOUN
དང་	དང་	NO_POS
བསྙེན་རྫོགས་	བསྙེན་རྫོགས་	NOUN
ཀྱང་	ཀྱང་	PART
ཡིན་	ཡིན་	NO_POS
ལ་	ལ་	PART
།		PUNCT
སྔགས་པ་	སྔགས་པ་	NOUN
ཡང་	ཀྱང་	PART
ཡིན་པ་	ཡིན་པ་	AUX
ནི་	ནི་	NO_POS
།		PUNCT
སྔགས་པ་	སྔགས་པ་	NOUN
རབ་བྱུང་	རབ་བྱུང་	NOUN
ཡིན་	ཡིན་	NO_POS
ལ་	ལ་	PART
།		PUNCT
རབ་ཏུ་	རབ་ཏུ་	NO_POS
མ་	མ་	PART
བྱུང་པ་	བྱུང་པ་	VERB
ནི་	ནི་	NO_POS
སྔགས་པ་	སྔགས་པ་	NOUN
ཁྱིམ་པ་	ཁྱིམ་པ་	NOUN
ཡིན་	ཡིན་	NO_POS
ནོ་	གོ་	PART
། །		PUNCT
བྱ་རྒྱུད་	བྱ་རྒྱུད་	NOUN
དཔུང་	དཔུང་	NOUN
བཟང་	བཟང་	VERB
ལ་སོགས་	ལ་སོགས་	NO_POS
ལ་	ལ་	ADP
ས་	གིས་	PART
།		PUNCT
རྒྱལ་བ་	རྒྱལ་བ་	NOUN
ང་	ང་	OTHER
གསུངས་	གསུངས་	VERB
སོ་སོ་	སོ་སོ་	PRON
ཐར་པ་	ཐར་པ་	VERB
ཡི་	གི་	PART
། །		PUNCT
ཚུལ་ཁྲིམས་	ཚུལ་ཁྲིམས་	NOUN
རྣམ་དག་	རྣམ་དག་	ADJ
སྡོམ་པ་	སྡོམ་པ་	NOUN
མ་ལུས་པ་	མ་ལུས་པ་	OTHER
། །		PUNCT
སྔགས་པ་	སྔགས་པ་	NOUN
ཁྱིམ་པ་	ཁྱིམ་པ་	NOUN
འི་	གི་	PART
རྟགས་	རྟགས་	NOUN
དང་	དང་	NO_POS
ཆོ་ག་	ཆོ་ག་	NOUN
སྤངས་	སྤངས་	VERB
། །		PUNCT
ལྷག་མ་	ལྷག་མ་	NOUN
རྣམས་	རྣམས་	DET
ནི་	ནི་	NO_POS
ཉམས་	ཉམས་	NOUN
སུ་	ལ་	PART
ལེན་པ་	ལེན་པ་	VERB
ར་	ལ་	PART
བྱ་	བྱ་	VERB
། །		PUNCT
ཞེ་	ཅེས་	PART
གསུངས་པ་	གསུངས་པ་	VERB
ནི་	ནི་	NO_POS
།		PUNCT
སྔགས་	སྔགས་	NOUN
ཀྱི་	གི་	PART
དབང་	དབང་	NOUN
བསྐུར་	བསྐུར་	NO_POS
ལ་	ལ་	ADP
ས་	གིས་	PART
ཐོབ་པ་	ཐོབ་པ་	VERB
ཡིན་པ་	ཡིན་པ་	AUX
ས་	གིས་	PART
།		PUNCT
སྔགས་སྡོམ་	སྔགས་སྡོམ་	NO_POS
ཡིན་	ཡིན་	NO_POS
གྱི་	གི་	PART
སོ་ཐར་	སོ་ཐར་	OTHER
གྱི་	གི་	PART
སྡོམ་པ་	སྡོམ་པ་	NOUN
ནི་	ནི་	NO_POS
མ་	མ་	PART
ཡིན་	ཡིན་	NO_POS
ནོ་	གོ་	PART
། །		PUNCT
བསྲུང་	བསྲུང་	NO_POS
ན་	ལ་	PART
འཆོལ་པ་	འཆོལ་པ་	NO_POS
ར་	ལ་	PART
བསྲུང་བ་	བསྲུང་བ་	VERB
ནི་	ནི་	NO_POS
།		PUNCT
སོ་སོ་	སོ་སོ་	PRON
ན་	ནས་	PART
ཇི་ལྟ་		
བཤད་པ་	བཤད་པ་	VERB
བཞིན་	བཞིན་	NOUN
དུ་	ལ་	PART
སོ་ཐར་	སོ་ཐར་	OTHER
གྱི་	གི་	PART
སྡོམ་པ་	སྡོམ་པ་	NOUN
ཚང་བ་	ཚང་བ་	VERB
དྲན་ཤེས་	དྲན་ཤེས་	NOUN
བསྟེན་	བསྟེན་	VERB
ན་	ནས་	PART
བསྲུང་	བསྲུང་	NO_POS
ཞིང་	ཅིང་	PART
།		PUNCT
གོང་མ་	གོང་མ་	ADJ
གཉིས་	གཉིས་	NUM
ཀྱང་	ཀྱང་	PART
ཇི་ལྟ་		
སོ་སོ་	སོ་སོ་	PRON
ར་	ལ་	PART
བསྲུང་བ་	བསྲུང་བ་	VERB
ལ་	ལ་	PART
འཆོལ་	འཆོལ་	NO_POS
བསྲུང་	བསྲུང་	NO_POS
ཅེས་	ཅེས་	PART
བྱ་	བྱ་	VERB
འོ་	གོ་	PART
། །		PUNCT
འདོམ་ཐུག་	འདོམ་ཐུག་	NO_POS
ནི་	ནི་	NO_POS
གཞན་	གཞན་	DET
གྱི་	གི་	PART
དོན་	དོན་	NOUN
དུ་	ལ་	PART
སྙིང་རྗེ་	སྙིང་རྗེ་	NOUN
འི་	གི་	PART
སྲོག་གཅོད་པ་	སྲོག་གཅོད་པ་	NOUN
དང་	དང་	NO_POS
།		PUNCT
མ་	མ་	PART
བྱིན་པ་	བྱིན་པ་	VERB
ར་	ལ་	PART
ལེན་པ་	ལེན་པ་	VERB
དང་	དང་	NO_POS
།		PUNCT
མི་	མི་	PART
ཚངས་པ་	ཚངས་པ་	PROPN
ར་	ལ་	PART
སྤྱོད་པ་	སྤྱོད་པ་	VERB
དང་	དང་	NO_POS
།		PUNCT
བརྫུན་	བརྫུན་	NOUN
ལ་སོགས་པ་	ལ་སོགས་པ་	NO_POS
ངེས་པ་		
དགོས་	དགོས་	VERB
ཤིང་	ཅིང་	PART
།		PUNCT
དེ་དག་	དེ་དག་	OTHER
མ་	མ་	PART
སྤྱད་	སྤྱད་	VERB
ན་	ལ་	PART
བྱང་སྡོམ་	བྱང་སྡོམ་	OTHER
འཆོར་	འཆོར་	NO_POS
ལ་	ལ་	PART
།		PUNCT
སྤྱད་	སྤྱད་	VERB
ན་སོ་	ན་སོ་	NOUN
ཐ་	ཐ་	VERB
འཆོར་བ་	འཆོར་བ་	VERB
ལྟ་བུ་	ལྟ་བུ་	NOUN
ཡིན་	ཡིན་	NO_POS
ཏེ་	སྟེ་	PART
།		PUNCT
དེ་ལྟ་	དེ་ལྟ་	NO_POS
བུ་	བུ་	NOUN
གོང་མ་	གོང་མ་	ADJ
གཙོ་	གཙོ་	NOUN
ཆེ་	ཆེ་	VERB
ལ་	ལ་	PART
།		PUNCT
དེ་ཡང་	དེ་ཡང་	ADV
གཞན་	གཞན་	DET
གྱིས་	གིས་	PART
དགེ་སློང་	དགེ་སློང་	NOUN
ལ་	ལ་	PART
།		PUNCT
ཕམ་པ་	ཕམ་པ་	VERB
བྱུང་	བྱུང་	VERB
ཟེར་བ་	ཟེར་བ་	VERB
སོགས་	སོགས་	DET
ཀྱིས་	གིས་	PART
འཕྱ་བ་	འཕྱ་བ་	VERB
ཡོད་	ཡོད་	VERB
ན་	ལ་	PART
།		PUNCT
བསླབ་པ་	བསླབ་པ་	VERB
ཕུལ་	ཕུལ་	VERB
ན་	ནས་	PART
སྤྱད་པ་	སྤྱད་པ་	VERB
ར་	ལ་	PART
གསུངས་	གསུངས་	VERB
ལ་	ལ་	PART
།		PUNCT
འཕྱ་བ་	འཕྱ་བ་	VERB
མེད་	མེད་	VERB
ན་	ལ་	PART
བསླབ་པ་	བསླབ་པ་	VERB
མ་	མ་	PART
ཕུལ་	ཕུལ་	VERB
ཀྱང་	ཀྱང་	PART
འོག་མ་	འོག་མ་	ADJ
ཉམས་པ་	ཉམས་པ་	VERB
འི་	གི་	PART
ཕམ་པ་	ཕམ་པ་	VERB
འབྱུང་བ་	འབྱུང་བ་	VERB
སོགས་	སོགས་	DET
ཀྱི་	གི་	PART
སྐྱོན་	སྐྱོན་	NOUN
ཟིལ་	ཟིལ་	NOUN
གྱིས་	གིས་	PART
མནན་	མནན་	VERB
ན་	ནས་	PART
མི་	མི་	PART
འབྱུང་	འབྱུང་	VERB
ཞིང་	ཅིང་	PART
།		PUNCT
གོང་མ་	གོང་མ་	ADJ
གཙོ་	གཙོ་	NOUN
ཆེ་བ་	ཆེ་བ་	VERB
ས་	གིས་	PART
གཞན་དོན་	གཞན་དོན་	NOUN
དུ་	ལ་	PART
སྲོག་གཅོད་པ་	སྲོག་གཅོད་པ་	NOUN
བྱ་	བྱ་	VERB
དགོས་པ་	དགོས་པ་	VERB
ལྟ་བུ་	ལྟ་བུ་	NOUN
འོ་	གོ་	PART
། །		PUNCT
ཡོན་ཏན་	ཡོན་ཏན་	NOUN
ཡ་	ཡ་	OTHER
ལྡན་	ལྡན་	VERB
ནི་	ནི་	NO_POS
།		PUNCT
འོག་མ་	འོག་མ་	ADJ
འི་	གི་	PART
ཕམ་པ་	ཕམ་པ་	VERB
བྱུང་བ་	བྱུང་བ་	VERB
སོགས་	སོགས་	DET
ལ་	ལ་	ADP
འང་	ཀྱང་	PART
ཉེས་པ་	ཉེས་པ་	VERB
མེད་པ་	མེད་པ་	VERB
ར་	ལ་	PART
སེམས་བསྐྱེད་	སེམས་བསྐྱེད་	NOUN
དང་	དང་	NO_POS
།		PUNCT
གོང་མ་	གོང་མ་	ADJ
འི་	གི་	PART
སྡོམ་པ་	སྡོམ་པ་	NOUN
ས་	གིས་	PART
ཟིན་པ་	ཟིན་པ་	VERB
ས་	གིས་	PART
སྲོག་གཅོད་པ་	སྲོག་གཅོད་པ་	NOUN
སོགས་	སོགས་	DET
ཀྱང་	ཀྱང་	PART
རྫོགས་	རྫོགས་	VERB
སངས་	སངས་	VERB
ཀྱི་	གི་	PART
རྒྱུ་	རྒྱུ་	NOUN
འི་	གི་	PART
བསོད་ནམས་	བསོད་ནམས་	NOUN
ཀྱི་	གི་	PART
ཚོགས་	ཚོགས་	NOUN
སུ་	ལ་	PART
འགྱུར་བ་	འགྱུར་བ་	VERB
ནི་	ནི་	NO_POS
ཡོན་ཏན་	ཡོན་ཏན་	NOUN
ཡ་	ཡ་	OTHER
ལྡན་	ལྡན་	VERB
ནོ་	གོ་	PART
། །		PUNCT
གཏོང་	གཏོང་	VERB
ཐོབ་	ཐོབ་	VERB
ཐ་དད་པ་	ཐ་དད་པ་	ADJ
ནི་	ནི་	NO_POS
བརྗོད་	བརྗོད་	VERB
ཟིན་	ཟིན་	VERB
ཏོ་	གོ་	PART
། །		PUNCT
དེ་ལྟ་	དེ་ལྟ་	NO_POS
རྗེ་	རྗེ་	NO_POS
རང་བྱུང་	རང་བྱུང་	NOUN
བ་	བ་	ADP
ཀྱང་	ཀྱང་	PART
།		PUNCT
སྡོམ་པ་	སྡོམ་པ་	NOUN
གསུམ་པོ་	གསུམ་པོ་	NUM
དེ་	སྟེ་	PART
ཡོན་ཏན་	ཡོན་ཏན་	NOUN
ཡ་	ཡ་	OTHER
ལྡན་	ལྡན་	VERB
འོག་མ་	འོག་མ་	ADJ
འི་	གི་	PART
སྐྱོན་	སྐྱོན་	NOUN
ཟིལ་	ཟིལ་	NOUN
གྱིས་	གིས་	PART
གནོན་	གནོན་	VERB
།		PUNCT
སྔགས་སྡོམ་	སྔགས་སྡོམ་	NO_POS
རྒྱུད་	རྒྱུད་	NOUN
ལྡན་	ལྡན་	VERB
ལ་སོ་	ལ་སོ་	NO_POS
ཐ་	ཐ་	VERB
ཉམས་	ཉམས་	NOUN
ན་	ནས་	PART
མེད་པ་	མེད་པ་	VERB
མ་	མ་	PART
ཡིན་	ཡིན་	NO_POS
ཅེས་པ་	ཅེས་པ་	PART
འི་	གི་	PART
དོན་	དོན་	NOUN
ཀྱང་	ཀྱང་	PART
གོང་	གོང་	NOUN
དུ་	ལ་	PART
བཤད་པ་	བཤད་པ་	VERB
བཞིན་	བཞིན་	NOUN
ནོ་	གོ་	PART
། །		PUNCT
བྱེ་བྲག་	བྱེ་བྲག་	NOUN
ཏུ་	ལ་	PART
སྔགས་སྡོམ་	སྔགས་སྡོམ་	NO_POS
ཐོབ་པ་	ཐོབ་པ་	VERB
འི་	གི་	PART
མཚམས་	མཚམས་	NOUN
ལ་	ལ་	PART
རིགས་	རིགས་	NOUN
ལྔ་	ལྔ་	NUM
འི་	གི་	PART
སྡོམ་པ་	སྡོམ་པ་	NOUN
འཛིན་པ་	འཛིན་པ་	VERB
འི་	གི་	PART
བརྗོད་པ་	བརྗོད་པ་	VERB
ཐ་མ་	ཐ་མ་	ADJ
ལ་	ལ་	PART
རིགས་	རིགས་	NOUN
ལྔ་	ལྔ་	NUM
འི་	གི་	PART
སྡོམ་པ་	སྡོམ་པ་	NOUN
ཙམ་	ཙམ་	DET
ཞིག་	ཅིག་	PART
ཐོབ་	ཐོབ་	VERB
ཅིང་	ཅིང་	PART
།		PUNCT
དེ་	སྟེ་	PART
བསྲུང་བ་	བསྲུང་བ་	VERB
གཞིར་བཅས་	གཞིར་བཅས་	NO_POS
རིམ་གཉིས་	རིམ་གཉིས་	OTHER
སོ་སོ་	སོ་སོ་	PRON
འི་	གི་	PART
སྐབས་	སྐབས་	NOUN
ཀྱི་	གི་	PART
དམ་ཚིག་	དམ་ཚིག་	NOUN
དང་	དང་	NO_POS
།		PUNCT
སྡོམ་པ་	སྡོམ་པ་	NOUN
ཐོབ་པ་	ཐོབ་པ་	VERB
ལ་	ལ་	PART
དབང་	དབང་	NOUN
བཞི་	བཞི་	NUM
མཐའ་རྟེན་	མཐའ་རྟེན་	NO_POS
སོགས་	སོགས་	DET
ཆོ་ག་	ཆོ་ག་	NOUN
ཆ་ལག་	ཆ་ལག་	NOUN
ཚང་བ་	ཚང་བ་	VERB
ལ་	ལ་	ADP
ས་	གིས་	PART
ཐོབ་པ་	ཐོབ་པ་	VERB
འོ་	གོ་	PART
། །		PUNCT
ཞེས་་	ཞེས་པ་	PART
རབ་	རབ་	ADV
ཟབ་	ཟབ་	VERB
རྒྱལ་བ་	རྒྱལ་བ་	NOUN
འི་	གི་	PART
གསུང་	གསུང་	VERB
གི་	གི་	PART
གསང་	གསང་	VERB
། །		PUNCT
སྐལ་	སྐལ་	NOUN
དམན་	དམན་	VERB
བློ་	བློ་	NOUN
ཞན་	ཞན་	PROPN
རྣམས་	རྣམས་	DET
ཀྱིས་	གིས་	PART
རྟོགས་དཀ་	རྟོགས་དཀའ་	NO_POS
འི་	གི་	PART
དོན་	དོན་	NOUN
། །		PUNCT
ས་བཅུ་	ས་བཅུ་	NO_POS
འི་	གི་	PART
དབང་ཕྱུག་	དབང་ཕྱུག་	NOUN
ཟླ་འོད་	ཟླ་འོད་	PROPN
གཞོན་ནུ་	གཞོན་ནུ་	ADJ
དང་	དང་	NO_POS
། །		PUNCT
རྒྱལ་བ་	རྒྱལ་བ་	NOUN
འི་	གི་	PART
གསུང་	གསུང་	VERB
གི་	གི་	PART
གསང་བ་	གསང་བ་	VERB
འི་	གི་	PART
མཛོད་	མཛོད་	NOUN
འཆང་བ་	འཆང་བ་	VERB
། །		PUNCT
སེམས་དཔའ་	སེམས་དཔའ་	NOUN
རང་བྱུང་	རང་བྱུང་	NOUN
རྡོ་རྗེ་	རྡོ་རྗེ་	NOUN
ས་	གིས་	PART
ལེགས་	ལེགས་	VERB
ཕྱེ་བ་	ཕྱེ་བ་	VERB
།		PUNCT
གང་	གང་	NO_POS
ལ་	ལ་	PART
བརྟེན་	བརྟེན་	VERB
ན་	ནས་	PART
ཆོས་གྲགས་	ཆོས་གྲགས་	PROPN
རྒྱ་མཚོ་	རྒྱ་མཚོ་	NOUN
ཡི་	གིས་	PART
། །		PUNCT
བསྐུལ་བ་པོ་	བསྐུལ་བ་པོ་	VERB
རྣམས་	རྣམས་	DET
འདོད་པ་	འདོད་པ་	VERB
རྫོགས་	རྫོགས་	VERB
ཕྱིར་དུ་	ཕྱིར་དུ་	NO_POS
། །		PUNCT
སྡེབ་སྦྱོར་	སྡེབ་སྦྱོར་	NOUN
སྤངས་	སྤངས་	VERB
ན་	ནས་	PART
གོ་	གོ་	PART
བདེ་	བདེ་	VERB
མདོར་བསྡུས་པ་	མདོར་བསྡུས་པ་	OTHER
། །		PUNCT
བྲིས་པ་	བྲིས་པ་	VERB
འི་	གི་	PART
སྡོམ་	སྡོམ་	NOUN
གསུམ་	གསུམ་	NUM
རྣམ་གཞག་	རྣམ་གཞག་	NOUN
ཉེ་	ཉེ་	VERB
ས་	གིས་	PART
བྲལ་	བྲལ་	VERB
དགེ་	དགེ་	NOUN
། །		PUNCT
རྫོགས་	རྫོགས་	VERB
སངས་	སངས་	VERB
འགྲོ་བ་	འགྲོ་བ་	VERB
ཀུན་	ཀུན་	DET
གྱིས་	གིས་	PART
ཐོབ་	ཐོབ་	VERB
ཕྱི་	ཕྱི་	OTHER
བསྔོ་	བསྔོ་	VERB
། །		PUNCT
ཞེས་་	ཞེས་པ་	PART
བཀྲ་ཤིས་	བཀྲ་ཤིས་	NOUN
ཟུར་	ཟུར་	NOUN
མང་	མངའ་	VERB
ས་	གིས་	PART
ན་	ནས་	PART
བླ་མ་	བླ་མ་	NOUN
ནམ་མཁའ་	ནམ་མཁའ་	NOUN
རྡོ་རྗེ་	རྡོ་རྗེ་	NOUN
ས་	གིས་	PART
དགོས་	དགོས་	VERB
ཞེ་	ཅེས་	PART
།		PUNCT
ཆོས་གྲགས་	ཆོས་གྲགས་	PROPN
རྒྱ་མཚོ་	རྒྱ་མཚོ་	NOUN
ས་	གིས་	PART
ཀོང་ཡུལ་	ཀོང་ཡུལ་	NOUN
གསའ་	གསའ་	NO_POS
ཕུ་	ཕུ་	VERB
བྲིས་པ་	བྲིས་པ་	VERB
འོ་	གོ་	PART
། །		PUNCT
ཞེ་	ཅེས་	PART
སོ་	གོ་	PART
།། །།		PUNCT
སརྦ་	སརྦ་	NO_POS
མངྒ་		NON_WORD
ལཾ་		NON_WORD
།		PUNCT
